Fri Aug 30 20:35:30 -05 2024 - Script interrupted.
Fri Aug 30 21:05:54 -05 2024 - Script interrupted.
Fri Aug 30 21:28:20 -05 2024 - Error sending message to Telegram: Oracle error detected: opiodr aborting process unknown ospid (129780) as a result of ORA-28
Fri Aug 30 21:28:57 -05 2024 - Script interrupted.
Fri Aug 30 21:48:18 -05 2024 - Script interrupted.
Fri Aug 30 21:59:54 -05 2024 - Error sending message to Telegram: Oracle error detected: ORA-1652: unable to extend temp segment by 128 in tablespace                 CL_DATOS
Fri Aug 30 21:59:54 -05 2024 - cURL error response: 
Fri Aug 30 21:59:55 -05 2024 - Error sending message to Telegram: Oracle error detected: ORA-1652: unable to extend temp segment by 8192 in tablespace                 CL_DATOS
Fri Aug 30 21:59:55 -05 2024 - cURL error response: 
Fri Aug 30 22:00:10 -05 2024 - Script interrupted.
Fri Aug 30 22:00:37 -05 2024 - Error sending message to Telegram: Oracle error detected: ORA-1652: unable to extend temp segment by 128 in tablespace                 CL_DATOS
Fri Aug 30 22:00:37 -05 2024 - cURL error response: 
Fri Aug 30 22:00:38 -05 2024 - Error sending message to Telegram: Oracle error detected: ORA-1652: unable to extend temp segment by 8192 in tablespace                 CL_DATOS
Fri Aug 30 22:00:38 -05 2024 - cURL error response: 
Fri Aug 30 22:08:18 -05 2024 - Error sending message to Telegram: Oracle error detected: ORA-1652: unable to extend temp segment by 128 in tablespace                 AM_DATOS
Fri Aug 30 22:08:18 -05 2024 - cURL error response: 
Fri Aug 30 22:08:19 -05 2024 - Error sending message to Telegram: Oracle error detected: ORA-1652: unable to extend temp segment by 8192 in tablespace                 AM_DATOS
Fri Aug 30 22:08:19 -05 2024 - cURL error response: 
Fri Aug 30 22:31:39 -05 2024 - Error sending message to Telegram: Oracle error detected: ORA-1652: unable to extend temp segment by 128 in tablespace                 CL_DATOS
Fri Aug 30 22:31:39 -05 2024 - cURL error response: 
Fri Aug 30 22:31:40 -05 2024 - Error sending message to Telegram: Oracle error detected: ORA-1652: unable to extend temp segment by 8192 in tablespace                 CL_DATOS
Fri Aug 30 22:31:40 -05 2024 - cURL error response: 
Fri Aug 30 22:33:17 -05 2024 - Error sending message to Telegram: Oracle error detected: ORA-1652: unable to extend temp segment by 128 in tablespace                 CL_DATOS
Fri Aug 30 22:33:17 -05 2024 - cURL error response: 
Fri Aug 30 22:33:18 -05 2024 - Error sending message to Telegram: Oracle error detected: ORA-1652: unable to extend temp segment by 8192 in tablespace                 CL_DATOS
Fri Aug 30 22:33:18 -05 2024 - cURL error response: 
Fri Aug 30 22:39:17 -05 2024 - Error sending message to Telegram: Oracle error detected: ORA-1652: unable to extend temp segment by 128 in tablespace                 CL_DATOS
Fri Aug 30 22:39:17 -05 2024 - cURL error response: 
Fri Aug 30 22:39:18 -05 2024 - Error sending message to Telegram: Oracle error detected: ORA-1652: unable to extend temp segment by 8192 in tablespace                 CL_DATOS
Fri Aug 30 22:39:18 -05 2024 - cURL error response: 
Fri Aug 30 22:47:31 -05 2024 - Error sending message to Telegram: Oracle error detected: ORA-1652: unable to extend temp segment by 128 in tablespace                 AM_DATOS
Fri Aug 30 22:47:31 -05 2024 - cURL error response: 
Fri Aug 30 22:47:32 -05 2024 - Error sending message to Telegram: Oracle error detected: ORA-1652: unable to extend temp segment by 8192 in tablespace                 AM_DATOS
Fri Aug 30 22:47:32 -05 2024 - cURL error response: 
Fri Aug 30 22:53:13 -05 2024 - Error sending message to Telegram: Oracle error detected: opiodr aborting process unknown ospid (3877) as a result of ORA-28
Fri Aug 30 22:53:13 -05 2024 - cURL error response: 
Fri Aug 30 22:53:20 -05 2024 - Error sending message to Telegram: Oracle error detected: opiodr aborting process unknown ospid (2990) as a result of ORA-28
Fri Aug 30 22:53:20 -05 2024 - cURL error response: 
Fri Aug 30 22:53:29 -05 2024 - Error sending message to Telegram: Oracle error detected: opiodr aborting process unknown ospid (123902) as a result of ORA-28
Fri Aug 30 22:53:29 -05 2024 - cURL error response: 
Fri Aug 30 22:53:52 -05 2024 - Error sending message to Telegram: Oracle error detected: opiodr aborting process unknown ospid (4204) as a result of ORA-28
Fri Aug 30 22:53:52 -05 2024 - cURL error response: 
Fri Aug 30 22:53:58 -05 2024 - Error sending message to Telegram: Oracle error detected: opiodr aborting process unknown ospid (95163) as a result of ORA-28
Fri Aug 30 22:53:58 -05 2024 - cURL error response: 
Fri Aug 30 22:59:01 -05 2024 - Script interrupted.
Fri Aug 30 23:06:09 -05 2024 - Error sending message to Telegram: Oracle error detected: ORA-3214 signalled during: alter database datafile '+DATA/bdcoreatm/datafile/users.294.1138639301' resize 1m...
Fri Aug 30 23:06:09 -05 2024 - cURL error response: 
Fri Aug 30 23:06:10 -05 2024 - Error sending message to Telegram: Oracle error detected: ORA-3214 signalled during: alter database datafile '+DATA/bdcoreatm/datafile/ap_datos.293.1138639301' resize 1m...
Fri Aug 30 23:06:10 -05 2024 - cURL error response: 
Fri Aug 30 23:06:10 -05 2024 - Error sending message to Telegram: Oracle error detected: ORA-3214 signalled during: alter database datafile '+DATA/bdcoreatm/datafile/do_datos.292.1138639301' resize 1m...
Fri Aug 30 23:06:10 -05 2024 - cURL error response: 
Fri Aug 30 23:06:11 -05 2024 - Error sending message to Telegram: Oracle error detected: ORA-3214 signalled during: alter database datafile '+DATA/bdcoreatm/datafile/gv_datos.290.1138639303' resize 1m...
Fri Aug 30 23:06:11 -05 2024 - cURL error response: 
Fri Aug 30 23:06:11 -05 2024 - Error sending message to Telegram: Oracle error detected: ORA-3214 signalled during: alter database datafile '+DATA/bdcoreatm/datafile/lm_datos.289.1138639303' resize 1m...
Fri Aug 30 23:06:11 -05 2024 - cURL error response: 
Fri Aug 30 23:06:12 -05 2024 - Error sending message to Telegram: Oracle error detected: ORA-3214 signalled during: alter database datafile '+DATA/bdcoreatm/datafile/re_datos.288.1138639307' resize 1m...
Fri Aug 30 23:06:12 -05 2024 - cURL error response: 
Fri Aug 30 23:06:12 -05 2024 - Error sending message to Telegram: Oracle error detected: ORA-3214 signalled during: alter database datafile '+DATA/bdcoreatm/datafile/ap_indices.287.1138639307' resize 1m...
Fri Aug 30 23:06:12 -05 2024 - cURL error response: 
Fri Aug 30 23:06:13 -05 2024 - Error sending message to Telegram: Oracle error detected: ORA-3214 signalled during: alter database datafile '+DATA/bdcoreatm/datafile/do_indices.286.1138639309' resize 1m...
Fri Aug 30 23:06:13 -05 2024 - cURL error response: 
Fri Aug 30 23:06:13 -05 2024 - Error sending message to Telegram: Oracle error detected: ORA-3214 signalled during: alter database datafile '+DATA/bdcoreatm/datafile/lm_indices.285.1138639309' resize 1m...
Fri Aug 30 23:06:13 -05 2024 - cURL error response: 
Fri Aug 30 23:06:14 -05 2024 - Error sending message to Telegram: Oracle error detected: ORA-3214 signalled during: alter database datafile '+DATA/bdcoreatm/datafile/map_indices.284.1138639309' resize 1m...
Fri Aug 30 23:06:14 -05 2024 - cURL error response: 
Fri Aug 30 23:06:14 -05 2024 - Error sending message to Telegram: Oracle error detected: ORA-3214 signalled during: alter database datafile '+DATA/bdcoreatm/datafile/users.283.1138639311' resize 1m...
Fri Aug 30 23:06:14 -05 2024 - cURL error response: 
Sat Aug 31 08:34:24 -05 2024 - Script interrupted.
Mon Sep  2 05:59:53 -05 2024 - Error sending message to Telegram: Oracle error detected: ORA-1691: unable to extend lobsegment AXISATM.SYS_LOB0000019892C00003$$ by 128 in tablespace              CL_DATOS
Mon Sep  2 05:59:53 -05 2024 - cURL error response: 
Mon Sep  2 05:59:54 -05 2024 - Error sending message to Telegram: Oracle error detected: ORA-1691: unable to extend lobsegment AXISATM.SYS_LOB0000019892C00003$$ by 8192 in tablespace              CL_DATOS
Mon Sep  2 05:59:54 -05 2024 - cURL error response: 
Mon Sep  2 05:59:54 -05 2024 - Error sending message to Telegram: Oracle error detected: ORA-1691: unable to extend lobsegment AXISATM.SYS_LOB0000019892C00003$$ by 128 in tablespace              CL_DATOS
Mon Sep  2 05:59:54 -05 2024 - cURL error response: 
Mon Sep  2 05:59:55 -05 2024 - Error sending message to Telegram: Oracle error detected: ORA-1691: unable to extend lobsegment AXISATM.SYS_LOB0000019892C00003$$ by 8192 in tablespace              CL_DATOS
Mon Sep  2 05:59:55 -05 2024 - cURL error response: 
Mon Sep  2 07:59:29 -05 2024 - Error sending message to Telegram: Oracle error detected: ORA-1691: unable to extend lobsegment AXISATM.SYS_LOB0000019892C00003$$ by 128 in tablespace              CL_DATOS
Mon Sep  2 07:59:29 -05 2024 - cURL error response: 
Mon Sep  2 07:59:29 -05 2024 - Error sending message to Telegram: Oracle error detected: ORA-1691: unable to extend lobsegment AXISATM.SYS_LOB0000019892C00003$$ by 8192 in tablespace              CL_DATOS
Mon Sep  2 07:59:29 -05 2024 - cURL error response: 
Mon Sep  2 07:59:30 -05 2024 - Error sending message to Telegram: Oracle error detected: ORA-1691: unable to extend lobsegment AXISATM.SYS_LOB0000019892C00003$$ by 128 in tablespace              CL_DATOS
Mon Sep  2 07:59:30 -05 2024 - cURL error response: 
Mon Sep  2 07:59:31 -05 2024 - Error sending message to Telegram: Oracle error detected: ORA-1691: unable to extend lobsegment AXISATM.SYS_LOB0000019892C00003$$ by 8192 in tablespace              CL_DATOS
Mon Sep  2 07:59:31 -05 2024 - cURL error response: 
Mon Sep  2 07:59:31 -05 2024 - Error sending message to Telegram: Oracle error detected: ORA-1691: unable to extend lobsegment AXISATM.SYS_LOB0000019892C00003$$ by 128 in tablespace              CL_DATOS
Mon Sep  2 07:59:31 -05 2024 - cURL error response: 
Mon Sep  2 07:59:32 -05 2024 - Error sending message to Telegram: Oracle error detected: ORA-1691: unable to extend lobsegment AXISATM.SYS_LOB0000019892C00003$$ by 8192 in tablespace              CL_DATOS
Mon Sep  2 07:59:32 -05 2024 - cURL error response: 
Mon Sep  2 07:59:32 -05 2024 - Error sending message to Telegram: Oracle error detected: ORA-1691: unable to extend lobsegment AXISATM.SYS_LOB0000019892C00003$$ by 128 in tablespace              CL_DATOS
Mon Sep  2 07:59:32 -05 2024 - cURL error response: 
Mon Sep  2 07:59:33 -05 2024 - Error sending message to Telegram: Oracle error detected: ORA-1691: unable to extend lobsegment AXISATM.SYS_LOB0000019892C00003$$ by 8192 in tablespace              CL_DATOS
Mon Sep  2 07:59:33 -05 2024 - cURL error response: 
Mon Sep  2 07:59:33 -05 2024 - Error sending message to Telegram: Oracle error detected: ORA-1691: unable to extend lobsegment AXISATM.SYS_LOB0000019892C00003$$ by 128 in tablespace              CL_DATOS
Mon Sep  2 07:59:33 -05 2024 - cURL error response: 
Mon Sep  2 07:59:34 -05 2024 - Error sending message to Telegram: Oracle error detected: ORA-1691: unable to extend lobsegment AXISATM.SYS_LOB0000019892C00003$$ by 8192 in tablespace              CL_DATOS
Mon Sep  2 07:59:34 -05 2024 - cURL error response: 
Mon Sep  2 07:59:34 -05 2024 - Error sending message to Telegram: Oracle error detected: ORA-1691: unable to extend lobsegment AXISATM.SYS_LOB0000019892C00003$$ by 128 in tablespace              CL_DATOS
Mon Sep  2 07:59:34 -05 2024 - cURL error response: 
Mon Sep  2 07:59:35 -05 2024 - Error sending message to Telegram: Oracle error detected: ORA-1691: unable to extend lobsegment AXISATM.SYS_LOB0000019892C00003$$ by 8192 in tablespace              CL_DATOS
Mon Sep  2 07:59:35 -05 2024 - cURL error response: 
Mon Sep  2 07:59:35 -05 2024 - Error sending message to Telegram: Oracle error detected: ORA-1691: unable to extend lobsegment AXISATM.SYS_LOB0000019892C00003$$ by 128 in tablespace              CL_DATOS
Mon Sep  2 07:59:35 -05 2024 - cURL error response: 
Mon Sep  2 07:59:36 -05 2024 - Error sending message to Telegram: Oracle error detected: ORA-1691: unable to extend lobsegment AXISATM.SYS_LOB0000019892C00003$$ by 8192 in tablespace              CL_DATOS
Mon Sep  2 07:59:36 -05 2024 - cURL error response: 
Mon Sep  2 07:59:36 -05 2024 - Error sending message to Telegram: Oracle error detected: ORA-1691: unable to extend lobsegment AXISATM.SYS_LOB0000019892C00003$$ by 128 in tablespace              CL_DATOS
Mon Sep  2 07:59:36 -05 2024 - cURL error response: 
Mon Sep  2 07:59:37 -05 2024 - Error sending message to Telegram: Oracle error detected: ORA-1691: unable to extend lobsegment AXISATM.SYS_LOB0000019892C00003$$ by 8192 in tablespace              CL_DATOS
Mon Sep  2 07:59:37 -05 2024 - cURL error response: 
Mon Sep  2 07:59:40 -05 2024 - Error sending message to Telegram: Oracle error detected: ORA-1691: unable to extend lobsegment AXISATM.SYS_LOB0000019892C00003$$ by 128 in tablespace              CL_DATOS
Mon Sep  2 07:59:40 -05 2024 - cURL error response: 
Mon Sep  2 07:59:40 -05 2024 - Error sending message to Telegram: Oracle error detected: ORA-1691: unable to extend lobsegment AXISATM.SYS_LOB0000019892C00003$$ by 8192 in tablespace              CL_DATOS
Mon Sep  2 07:59:40 -05 2024 - cURL error response: 
Mon Sep  2 07:59:41 -05 2024 - Error sending message to Telegram: Oracle error detected: ORA-1691: unable to extend lobsegment AXISATM.SYS_LOB0000019892C00003$$ by 128 in tablespace              CL_DATOS
Mon Sep  2 07:59:41 -05 2024 - cURL error response: 
Mon Sep  2 07:59:41 -05 2024 - Error sending message to Telegram: Oracle error detected: ORA-1691: unable to extend lobsegment AXISATM.SYS_LOB0000019892C00003$$ by 8192 in tablespace              CL_DATOS
Mon Sep  2 07:59:41 -05 2024 - cURL error response: 
Mon Sep  2 07:59:42 -05 2024 - Error sending message to Telegram: Oracle error detected: ORA-1691: unable to extend lobsegment AXISATM.SYS_LOB0000019892C00003$$ by 128 in tablespace              CL_DATOS
Mon Sep  2 07:59:42 -05 2024 - cURL error response: 
Mon Sep  2 07:59:42 -05 2024 - Error sending message to Telegram: Oracle error detected: ORA-1691: unable to extend lobsegment AXISATM.SYS_LOB0000019892C00003$$ by 8192 in tablespace              CL_DATOS
Mon Sep  2 07:59:42 -05 2024 - cURL error response: 
Mon Sep  2 07:59:43 -05 2024 - Error sending message to Telegram: Oracle error detected: ORA-1691: unable to extend lobsegment AXISATM.SYS_LOB0000019892C00003$$ by 128 in tablespace              CL_DATOS
Mon Sep  2 07:59:43 -05 2024 - cURL error response: 
Mon Sep  2 07:59:43 -05 2024 - Error sending message to Telegram: Oracle error detected: ORA-1691: unable to extend lobsegment AXISATM.SYS_LOB0000019892C00003$$ by 8192 in tablespace              CL_DATOS
Mon Sep  2 07:59:43 -05 2024 - cURL error response: 
Mon Sep  2 07:59:44 -05 2024 - Error sending message to Telegram: Oracle error detected: ORA-1691: unable to extend lobsegment AXISATM.SYS_LOB0000019892C00003$$ by 128 in tablespace              CL_DATOS
Mon Sep  2 07:59:44 -05 2024 - cURL error response: 
Mon Sep  2 07:59:44 -05 2024 - Error sending message to Telegram: Oracle error detected: ORA-1691: unable to extend lobsegment AXISATM.SYS_LOB0000019892C00003$$ by 8192 in tablespace              CL_DATOS
Mon Sep  2 07:59:44 -05 2024 - cURL error response: 
Mon Sep  2 07:59:45 -05 2024 - Error sending message to Telegram: Oracle error detected: ORA-1691: unable to extend lobsegment AXISATM.SYS_LOB0000019892C00003$$ by 128 in tablespace              CL_DATOS
Mon Sep  2 07:59:45 -05 2024 - cURL error response: 
Mon Sep  2 07:59:45 -05 2024 - Error sending message to Telegram: Oracle error detected: ORA-1691: unable to extend lobsegment AXISATM.SYS_LOB0000019892C00003$$ by 8192 in tablespace              CL_DATOS
Mon Sep  2 07:59:45 -05 2024 - cURL error response: 
Mon Sep  2 07:59:46 -05 2024 - Error sending message to Telegram: Oracle error detected: ORA-1691: unable to extend lobsegment AXISATM.SYS_LOB0000019892C00003$$ by 128 in tablespace              CL_DATOS
Mon Sep  2 07:59:46 -05 2024 - cURL error response: 
Mon Sep  2 07:59:46 -05 2024 - Error sending message to Telegram: Oracle error detected: ORA-1691: unable to extend lobsegment AXISATM.SYS_LOB0000019892C00003$$ by 8192 in tablespace              CL_DATOS
Mon Sep  2 07:59:46 -05 2024 - cURL error response: 
Mon Sep  2 07:59:47 -05 2024 - Error sending message to Telegram: Oracle error detected: ORA-1691: unable to extend lobsegment AXISATM.SYS_LOB0000019892C00003$$ by 128 in tablespace              CL_DATOS
Mon Sep  2 07:59:47 -05 2024 - cURL error response: 
Mon Sep  2 07:59:47 -05 2024 - Error sending message to Telegram: Oracle error detected: ORA-1691: unable to extend lobsegment AXISATM.SYS_LOB0000019892C00003$$ by 8192 in tablespace              CL_DATOS
Mon Sep  2 07:59:47 -05 2024 - cURL error response: 
Mon Sep  2 07:59:56 -05 2024 - Error sending message to Telegram: Oracle error detected: ORA-1691: unable to extend lobsegment AXISATM.SYS_LOB0000019892C00003$$ by 128 in tablespace              CL_DATOS
Mon Sep  2 07:59:56 -05 2024 - cURL error response: 
Mon Sep  2 07:59:56 -05 2024 - Error sending message to Telegram: Oracle error detected: ORA-1691: unable to extend lobsegment AXISATM.SYS_LOB0000019892C00003$$ by 8192 in tablespace              CL_DATOS
Mon Sep  2 07:59:56 -05 2024 - cURL error response: 
Mon Sep  2 07:59:57 -05 2024 - Error sending message to Telegram: Oracle error detected: ORA-1691: unable to extend lobsegment AXISATM.SYS_LOB0000019892C00003$$ by 128 in tablespace              CL_DATOS
Mon Sep  2 07:59:57 -05 2024 - cURL error response: 
Mon Sep  2 07:59:57 -05 2024 - Error sending message to Telegram: Oracle error detected: ORA-1691: unable to extend lobsegment AXISATM.SYS_LOB0000019892C00003$$ by 8192 in tablespace              CL_DATOS
Mon Sep  2 07:59:57 -05 2024 - cURL error response: 
Mon Sep  2 08:00:13 -05 2024 - Error sending message to Telegram: Oracle error detected: ORA-1691: unable to extend lobsegment AXISATM.SYS_LOB0000019892C00003$$ by 128 in tablespace              CL_DATOS
Mon Sep  2 08:00:13 -05 2024 - cURL error response: 
Mon Sep  2 08:00:14 -05 2024 - Error sending message to Telegram: Oracle error detected: ORA-1691: unable to extend lobsegment AXISATM.SYS_LOB0000019892C00003$$ by 8192 in tablespace              CL_DATOS
Mon Sep  2 08:00:14 -05 2024 - cURL error response: 
Mon Sep  2 08:00:14 -05 2024 - Error sending message to Telegram: Oracle error detected: ORA-1691: unable to extend lobsegment AXISATM.SYS_LOB0000019892C00003$$ by 128 in tablespace              CL_DATOS
Mon Sep  2 08:00:14 -05 2024 - cURL error response: 
Mon Sep  2 08:00:15 -05 2024 - Error sending message to Telegram: Oracle error detected: ORA-1691: unable to extend lobsegment AXISATM.SYS_LOB0000019892C00003$$ by 8192 in tablespace              CL_DATOS
Mon Sep  2 08:00:15 -05 2024 - cURL error response: 
Mon Sep  2 08:00:33 -05 2024 - Error sending message to Telegram: Oracle error detected: ORA-1691: unable to extend lobsegment AXISATM.SYS_LOB0000019892C00003$$ by 128 in tablespace              CL_DATOS
Mon Sep  2 08:00:33 -05 2024 - cURL error response: 
Mon Sep  2 08:00:33 -05 2024 - Error sending message to Telegram: Oracle error detected: ORA-1691: unable to extend lobsegment AXISATM.SYS_LOB0000019892C00003$$ by 8192 in tablespace              CL_DATOS
Mon Sep  2 08:00:33 -05 2024 - cURL error response: 
Mon Sep  2 08:00:34 -05 2024 - Error sending message to Telegram: Oracle error detected: ORA-1691: unable to extend lobsegment AXISATM.SYS_LOB0000019892C00003$$ by 128 in tablespace              CL_DATOS
Mon Sep  2 08:00:34 -05 2024 - cURL error response: 
Mon Sep  2 08:00:34 -05 2024 - Error sending message to Telegram: Oracle error detected: ORA-1691: unable to extend lobsegment AXISATM.SYS_LOB0000019892C00003$$ by 8192 in tablespace              CL_DATOS
Mon Sep  2 08:00:34 -05 2024 - cURL error response: 
Mon Sep  2 08:02:28 -05 2024 - Error sending message to Telegram: Oracle error detected: ORA-1691: unable to extend lobsegment AXISATM.SYS_LOB0000019892C00003$$ by 128 in tablespace              CL_DATOS
Mon Sep  2 08:02:28 -05 2024 - cURL error response: 
Mon Sep  2 08:02:29 -05 2024 - Error sending message to Telegram: Oracle error detected: ORA-1691: unable to extend lobsegment AXISATM.SYS_LOB0000019892C00003$$ by 8192 in tablespace              CL_DATOS
Mon Sep  2 08:02:29 -05 2024 - cURL error response: 
Mon Sep  2 08:02:29 -05 2024 - Error sending message to Telegram: Oracle error detected: ORA-1691: unable to extend lobsegment AXISATM.SYS_LOB0000019892C00003$$ by 128 in tablespace              CL_DATOS
Mon Sep  2 08:02:29 -05 2024 - cURL error response: 
Mon Sep  2 08:02:30 -05 2024 - Error sending message to Telegram: Oracle error detected: ORA-1691: unable to extend lobsegment AXISATM.SYS_LOB0000019892C00003$$ by 8192 in tablespace              CL_DATOS
Mon Sep  2 08:02:30 -05 2024 - cURL error response: 
Mon Sep  2 08:02:33 -05 2024 - Error sending message to Telegram: Oracle error detected: ORA-1691: unable to extend lobsegment AXISATM.SYS_LOB0000019892C00003$$ by 128 in tablespace              CL_DATOS
Mon Sep  2 08:02:33 -05 2024 - cURL error response: 
Mon Sep  2 08:02:33 -05 2024 - Error sending message to Telegram: Oracle error detected: ORA-1691: unable to extend lobsegment AXISATM.SYS_LOB0000019892C00003$$ by 8192 in tablespace              CL_DATOS
Mon Sep  2 08:02:33 -05 2024 - cURL error response: 
Mon Sep  2 08:02:34 -05 2024 - Error sending message to Telegram: Oracle error detected: ORA-1691: unable to extend lobsegment AXISATM.SYS_LOB0000019892C00003$$ by 128 in tablespace              CL_DATOS
Mon Sep  2 08:02:34 -05 2024 - cURL error response: 
Mon Sep  2 08:02:34 -05 2024 - Error sending message to Telegram: Oracle error detected: ORA-1691: unable to extend lobsegment AXISATM.SYS_LOB0000019892C00003$$ by 8192 in tablespace              CL_DATOS
Mon Sep  2 08:02:34 -05 2024 - cURL error response: 
Mon Sep  2 08:02:35 -05 2024 - Error sending message to Telegram: Oracle error detected: ORA-1691: unable to extend lobsegment AXISATM.SYS_LOB0000019892C00003$$ by 128 in tablespace              CL_DATOS
Mon Sep  2 08:02:35 -05 2024 - cURL error response: 
Mon Sep  2 08:02:35 -05 2024 - Error sending message to Telegram: Oracle error detected: ORA-1691: unable to extend lobsegment AXISATM.SYS_LOB0000019892C00003$$ by 8192 in tablespace              CL_DATOS
Mon Sep  2 08:02:35 -05 2024 - cURL error response: 
Mon Sep  2 08:02:36 -05 2024 - Error sending message to Telegram: Oracle error detected: ORA-1691: unable to extend lobsegment AXISATM.SYS_LOB0000019892C00003$$ by 128 in tablespace              CL_DATOS
Mon Sep  2 08:02:36 -05 2024 - cURL error response: 
Mon Sep  2 08:02:36 -05 2024 - Error sending message to Telegram: Oracle error detected: ORA-1691: unable to extend lobsegment AXISATM.SYS_LOB0000019892C00003$$ by 8192 in tablespace              CL_DATOS
Mon Sep  2 08:02:36 -05 2024 - cURL error response: 
Mon Sep  2 08:02:37 -05 2024 - Error sending message to Telegram: Oracle error detected: ORA-1691: unable to extend lobsegment AXISATM.SYS_LOB0000019892C00003$$ by 128 in tablespace              CL_DATOS
Mon Sep  2 08:02:37 -05 2024 - cURL error response: 
Mon Sep  2 08:02:37 -05 2024 - Error sending message to Telegram: Oracle error detected: ORA-1691: unable to extend lobsegment AXISATM.SYS_LOB0000019892C00003$$ by 8192 in tablespace              CL_DATOS
Mon Sep  2 08:02:37 -05 2024 - cURL error response: 
Mon Sep  2 08:02:38 -05 2024 - Error sending message to Telegram: Oracle error detected: ORA-1691: unable to extend lobsegment AXISATM.SYS_LOB0000019892C00003$$ by 128 in tablespace              CL_DATOS
Mon Sep  2 08:02:38 -05 2024 - cURL error response: 
Mon Sep  2 08:02:38 -05 2024 - Error sending message to Telegram: Oracle error detected: ORA-1691: unable to extend lobsegment AXISATM.SYS_LOB0000019892C00003$$ by 8192 in tablespace              CL_DATOS
Mon Sep  2 08:02:38 -05 2024 - cURL error response: 
Mon Sep  2 08:02:49 -05 2024 - Error sending message to Telegram: Oracle error detected: ORA-1691: unable to extend lobsegment AXISATM.SYS_LOB0000019892C00003$$ by 128 in tablespace              CL_DATOS
Mon Sep  2 08:02:49 -05 2024 - cURL error response: 
Mon Sep  2 08:02:49 -05 2024 - Error sending message to Telegram: Oracle error detected: ORA-1691: unable to extend lobsegment AXISATM.SYS_LOB0000019892C00003$$ by 8192 in tablespace              CL_DATOS
Mon Sep  2 08:02:49 -05 2024 - cURL error response: 
Mon Sep  2 08:02:50 -05 2024 - Error sending message to Telegram: Oracle error detected: ORA-1691: unable to extend lobsegment AXISATM.SYS_LOB0000019892C00003$$ by 128 in tablespace              CL_DATOS
Mon Sep  2 08:02:50 -05 2024 - cURL error response: 
Mon Sep  2 08:02:51 -05 2024 - Error sending message to Telegram: Oracle error detected: ORA-1691: unable to extend lobsegment AXISATM.SYS_LOB0000019892C00003$$ by 8192 in tablespace              CL_DATOS
Mon Sep  2 08:02:51 -05 2024 - cURL error response: 
Mon Sep  2 08:02:51 -05 2024 - Error sending message to Telegram: Oracle error detected: ORA-1691: unable to extend lobsegment AXISATM.SYS_LOB0000019892C00003$$ by 128 in tablespace              CL_DATOS
Mon Sep  2 08:02:51 -05 2024 - cURL error response: 
Mon Sep  2 08:02:52 -05 2024 - Error sending message to Telegram: Oracle error detected: ORA-1691: unable to extend lobsegment AXISATM.SYS_LOB0000019892C00003$$ by 8192 in tablespace              CL_DATOS
Mon Sep  2 08:02:52 -05 2024 - cURL error response: 
Mon Sep  2 08:02:52 -05 2024 - Error sending message to Telegram: Oracle error detected: ORA-1691: unable to extend lobsegment AXISATM.SYS_LOB0000019892C00003$$ by 128 in tablespace              CL_DATOS
Mon Sep  2 08:02:52 -05 2024 - cURL error response: 
Mon Sep  2 08:02:53 -05 2024 - Error sending message to Telegram: Oracle error detected: ORA-1691: unable to extend lobsegment AXISATM.SYS_LOB0000019892C00003$$ by 8192 in tablespace              CL_DATOS
Mon Sep  2 08:02:53 -05 2024 - cURL error response: 
Mon Sep  2 08:02:53 -05 2024 - Error sending message to Telegram: Oracle error detected: ORA-1691: unable to extend lobsegment AXISATM.SYS_LOB0000019892C00003$$ by 128 in tablespace              CL_DATOS
Mon Sep  2 08:02:53 -05 2024 - cURL error response: 
Mon Sep  2 08:02:54 -05 2024 - Error sending message to Telegram: Oracle error detected: ORA-1691: unable to extend lobsegment AXISATM.SYS_LOB0000019892C00003$$ by 8192 in tablespace              CL_DATOS
Mon Sep  2 08:02:54 -05 2024 - cURL error response: 
Mon Sep  2 08:02:54 -05 2024 - Error sending message to Telegram: Oracle error detected: ORA-1691: unable to extend lobsegment AXISATM.SYS_LOB0000019892C00003$$ by 128 in tablespace              CL_DATOS
Mon Sep  2 08:02:54 -05 2024 - cURL error response: 
Mon Sep  2 08:02:55 -05 2024 - Error sending message to Telegram: Oracle error detected: ORA-1691: unable to extend lobsegment AXISATM.SYS_LOB0000019892C00003$$ by 8192 in tablespace              CL_DATOS
Mon Sep  2 08:02:55 -05 2024 - cURL error response: 
Mon Sep  2 08:02:55 -05 2024 - Error sending message to Telegram: Oracle error detected: ORA-1691: unable to extend lobsegment AXISATM.SYS_LOB0000019892C00003$$ by 128 in tablespace              CL_DATOS
Mon Sep  2 08:02:55 -05 2024 - cURL error response: 
Mon Sep  2 08:02:56 -05 2024 - Error sending message to Telegram: Oracle error detected: ORA-1691: unable to extend lobsegment AXISATM.SYS_LOB0000019892C00003$$ by 8192 in tablespace              CL_DATOS
Mon Sep  2 08:02:56 -05 2024 - cURL error response: 
Mon Sep  2 08:02:56 -05 2024 - Error sending message to Telegram: Oracle error detected: ORA-1691: unable to extend lobsegment AXISATM.SYS_LOB0000019892C00003$$ by 128 in tablespace              CL_DATOS
Mon Sep  2 08:02:56 -05 2024 - cURL error response: 
Mon Sep  2 08:02:57 -05 2024 - Error sending message to Telegram: Oracle error detected: ORA-1691: unable to extend lobsegment AXISATM.SYS_LOB0000019892C00003$$ by 8192 in tablespace              CL_DATOS
Mon Sep  2 08:02:57 -05 2024 - cURL error response: 
Mon Sep  2 08:03:00 -05 2024 - Error sending message to Telegram: Oracle error detected: ORA-1691: unable to extend lobsegment AXISATM.SYS_LOB0000019892C00003$$ by 128 in tablespace              CL_DATOS
Mon Sep  2 08:03:00 -05 2024 - cURL error response: 
Mon Sep  2 08:03:01 -05 2024 - Error sending message to Telegram: Oracle error detected: ORA-1691: unable to extend lobsegment AXISATM.SYS_LOB0000019892C00003$$ by 8192 in tablespace              CL_DATOS
Mon Sep  2 08:03:01 -05 2024 - cURL error response: 
Mon Sep  2 08:03:01 -05 2024 - Error sending message to Telegram: Oracle error detected: ORA-1691: unable to extend lobsegment AXISATM.SYS_LOB0000019892C00003$$ by 128 in tablespace              CL_DATOS
Mon Sep  2 08:03:01 -05 2024 - cURL error response: 
Mon Sep  2 08:03:02 -05 2024 - Error sending message to Telegram: Oracle error detected: ORA-1691: unable to extend lobsegment AXISATM.SYS_LOB0000019892C00003$$ by 8192 in tablespace              CL_DATOS
Mon Sep  2 08:03:02 -05 2024 - cURL error response: 
Mon Sep  2 08:03:02 -05 2024 - Error sending message to Telegram: Oracle error detected: ORA-1691: unable to extend lobsegment AXISATM.SYS_LOB0000019892C00003$$ by 128 in tablespace              CL_DATOS
Mon Sep  2 08:03:02 -05 2024 - cURL error response: 
Mon Sep  2 08:03:03 -05 2024 - Error sending message to Telegram: Oracle error detected: ORA-1691: unable to extend lobsegment AXISATM.SYS_LOB0000019892C00003$$ by 8192 in tablespace              CL_DATOS
Mon Sep  2 08:03:03 -05 2024 - cURL error response: 
Mon Sep  2 08:03:03 -05 2024 - Error sending message to Telegram: Oracle error detected: ORA-1691: unable to extend lobsegment AXISATM.SYS_LOB0000019892C00003$$ by 128 in tablespace              CL_DATOS
Mon Sep  2 08:03:03 -05 2024 - cURL error response: 
Mon Sep  2 08:03:04 -05 2024 - Error sending message to Telegram: Oracle error detected: ORA-1691: unable to extend lobsegment AXISATM.SYS_LOB0000019892C00003$$ by 8192 in tablespace              CL_DATOS
Mon Sep  2 08:03:04 -05 2024 - cURL error response: 
Mon Sep  2 08:03:04 -05 2024 - Error sending message to Telegram: Oracle error detected: ORA-1691: unable to extend lobsegment AXISATM.SYS_LOB0000019892C00003$$ by 128 in tablespace              CL_DATOS
Mon Sep  2 08:03:04 -05 2024 - cURL error response: 
Mon Sep  2 08:03:05 -05 2024 - Error sending message to Telegram: Oracle error detected: ORA-1691: unable to extend lobsegment AXISATM.SYS_LOB0000019892C00003$$ by 8192 in tablespace              CL_DATOS
Mon Sep  2 08:03:05 -05 2024 - cURL error response: 
Mon Sep  2 08:03:05 -05 2024 - Error sending message to Telegram: Oracle error detected: ORA-1691: unable to extend lobsegment AXISATM.SYS_LOB0000019892C00003$$ by 128 in tablespace              CL_DATOS
Mon Sep  2 08:03:05 -05 2024 - cURL error response: 
Mon Sep  2 08:03:06 -05 2024 - Error sending message to Telegram: Oracle error detected: ORA-1691: unable to extend lobsegment AXISATM.SYS_LOB0000019892C00003$$ by 8192 in tablespace              CL_DATOS
Mon Sep  2 08:03:06 -05 2024 - cURL error response: 
Mon Sep  2 08:03:06 -05 2024 - Error sending message to Telegram: Oracle error detected: ORA-1691: unable to extend lobsegment AXISATM.SYS_LOB0000019892C00003$$ by 128 in tablespace              CL_DATOS
Mon Sep  2 08:03:06 -05 2024 - cURL error response: 
Mon Sep  2 08:03:07 -05 2024 - Error sending message to Telegram: Oracle error detected: ORA-1691: unable to extend lobsegment AXISATM.SYS_LOB0000019892C00003$$ by 8192 in tablespace              CL_DATOS
Mon Sep  2 08:03:07 -05 2024 - cURL error response: 
Mon Sep  2 08:03:07 -05 2024 - Error sending message to Telegram: Oracle error detected: ORA-1691: unable to extend lobsegment AXISATM.SYS_LOB0000019892C00003$$ by 128 in tablespace              CL_DATOS
Mon Sep  2 08:03:07 -05 2024 - cURL error response: 
Mon Sep  2 08:03:08 -05 2024 - Error sending message to Telegram: Oracle error detected: ORA-1691: unable to extend lobsegment AXISATM.SYS_LOB0000019892C00003$$ by 8192 in tablespace              CL_DATOS
Mon Sep  2 08:03:08 -05 2024 - cURL error response: 
Mon Sep  2 08:03:08 -05 2024 - Error sending message to Telegram: Oracle error detected: ORA-1691: unable to extend lobsegment AXISATM.SYS_LOB0000019892C00003$$ by 128 in tablespace              CL_DATOS
Mon Sep  2 08:03:08 -05 2024 - cURL error response: 
Mon Sep  2 08:03:09 -05 2024 - Error sending message to Telegram: Oracle error detected: ORA-1691: unable to extend lobsegment AXISATM.SYS_LOB0000019892C00003$$ by 8192 in tablespace              CL_DATOS
Mon Sep  2 08:03:09 -05 2024 - cURL error response: 
Mon Sep  2 08:03:09 -05 2024 - Error sending message to Telegram: Oracle error detected: ORA-1691: unable to extend lobsegment AXISATM.SYS_LOB0000019892C00003$$ by 128 in tablespace              CL_DATOS
Mon Sep  2 08:03:09 -05 2024 - cURL error response: 
Mon Sep  2 08:03:10 -05 2024 - Error sending message to Telegram: Oracle error detected: ORA-1691: unable to extend lobsegment AXISATM.SYS_LOB0000019892C00003$$ by 8192 in tablespace              CL_DATOS
Mon Sep  2 08:03:10 -05 2024 - cURL error response: 
Mon Sep  2 08:03:10 -05 2024 - Error sending message to Telegram: Oracle error detected: ORA-1691: unable to extend lobsegment AXISATM.SYS_LOB0000019892C00003$$ by 128 in tablespace              CL_DATOS
Mon Sep  2 08:03:10 -05 2024 - cURL error response: 
Mon Sep  2 08:03:11 -05 2024 - Error sending message to Telegram: Oracle error detected: ORA-1691: unable to extend lobsegment AXISATM.SYS_LOB0000019892C00003$$ by 8192 in tablespace              CL_DATOS
Mon Sep  2 08:03:11 -05 2024 - cURL error response: 
Mon Sep  2 08:03:12 -05 2024 - Error sending message to Telegram: Oracle error detected: ORA-1691: unable to extend lobsegment AXISATM.SYS_LOB0000019892C00003$$ by 128 in tablespace              CL_DATOS
Mon Sep  2 08:03:12 -05 2024 - cURL error response: 
Mon Sep  2 08:03:12 -05 2024 - Error sending message to Telegram: Oracle error detected: ORA-1691: unable to extend lobsegment AXISATM.SYS_LOB0000019892C00003$$ by 8192 in tablespace              CL_DATOS
Mon Sep  2 08:03:12 -05 2024 - cURL error response: 
Mon Sep  2 08:03:13 -05 2024 - Error sending message to Telegram: Oracle error detected: ORA-1691: unable to extend lobsegment AXISATM.SYS_LOB0000019892C00003$$ by 128 in tablespace              CL_DATOS
Mon Sep  2 08:03:13 -05 2024 - cURL error response: 
Mon Sep  2 08:03:13 -05 2024 - Error sending message to Telegram: Oracle error detected: ORA-1691: unable to extend lobsegment AXISATM.SYS_LOB0000019892C00003$$ by 8192 in tablespace              CL_DATOS
Mon Sep  2 08:03:13 -05 2024 - cURL error response: 
Mon Sep  2 08:03:14 -05 2024 - Error sending message to Telegram: Oracle error detected: ORA-1691: unable to extend lobsegment AXISATM.SYS_LOB0000019892C00003$$ by 128 in tablespace              CL_DATOS
Mon Sep  2 08:03:14 -05 2024 - cURL error response: 
Mon Sep  2 08:03:14 -05 2024 - Error sending message to Telegram: Oracle error detected: ORA-1691: unable to extend lobsegment AXISATM.SYS_LOB0000019892C00003$$ by 8192 in tablespace              CL_DATOS
Mon Sep  2 08:03:14 -05 2024 - cURL error response: 
Mon Sep  2 08:03:15 -05 2024 - Error sending message to Telegram: Oracle error detected: ORA-1691: unable to extend lobsegment AXISATM.SYS_LOB0000019892C00003$$ by 128 in tablespace              CL_DATOS
Mon Sep  2 08:03:15 -05 2024 - cURL error response: 
Mon Sep  2 08:03:15 -05 2024 - Error sending message to Telegram: Oracle error detected: ORA-1691: unable to extend lobsegment AXISATM.SYS_LOB0000019892C00003$$ by 8192 in tablespace              CL_DATOS
Mon Sep  2 08:03:15 -05 2024 - cURL error response: 
Mon Sep  2 08:03:16 -05 2024 - Error sending message to Telegram: Oracle error detected: ORA-1691: unable to extend lobsegment AXISATM.SYS_LOB0000019892C00003$$ by 128 in tablespace              CL_DATOS
Mon Sep  2 08:03:16 -05 2024 - cURL error response: 
Mon Sep  2 08:03:16 -05 2024 - Error sending message to Telegram: Oracle error detected: ORA-1691: unable to extend lobsegment AXISATM.SYS_LOB0000019892C00003$$ by 8192 in tablespace              CL_DATOS
Mon Sep  2 08:03:16 -05 2024 - cURL error response: 
Mon Sep  2 08:03:17 -05 2024 - Error sending message to Telegram: Oracle error detected: ORA-1691: unable to extend lobsegment AXISATM.SYS_LOB0000019892C00003$$ by 128 in tablespace              CL_DATOS
Mon Sep  2 08:03:17 -05 2024 - cURL error response: 
Mon Sep  2 08:03:17 -05 2024 - Error sending message to Telegram: Oracle error detected: ORA-1691: unable to extend lobsegment AXISATM.SYS_LOB0000019892C00003$$ by 8192 in tablespace              CL_DATOS
Mon Sep  2 08:03:17 -05 2024 - cURL error response: 
Mon Sep  2 08:03:18 -05 2024 - Error sending message to Telegram: Oracle error detected: ORA-1691: unable to extend lobsegment AXISATM.SYS_LOB0000019892C00003$$ by 128 in tablespace              CL_DATOS
Mon Sep  2 08:03:18 -05 2024 - cURL error response: 
Mon Sep  2 08:03:18 -05 2024 - Error sending message to Telegram: Oracle error detected: ORA-1691: unable to extend lobsegment AXISATM.SYS_LOB0000019892C00003$$ by 8192 in tablespace              CL_DATOS
Mon Sep  2 08:03:18 -05 2024 - cURL error response: 
Mon Sep  2 08:03:19 -05 2024 - Error sending message to Telegram: Oracle error detected: ORA-1691: unable to extend lobsegment AXISATM.SYS_LOB0000019892C00003$$ by 128 in tablespace              CL_DATOS
Mon Sep  2 08:03:19 -05 2024 - cURL error response: 
Mon Sep  2 08:03:19 -05 2024 - Error sending message to Telegram: Oracle error detected: ORA-1691: unable to extend lobsegment AXISATM.SYS_LOB0000019892C00003$$ by 8192 in tablespace              CL_DATOS
Mon Sep  2 08:03:19 -05 2024 - cURL error response: 
Mon Sep  2 08:03:20 -05 2024 - Error sending message to Telegram: Oracle error detected: ORA-1691: unable to extend lobsegment AXISATM.SYS_LOB0000019892C00003$$ by 128 in tablespace              CL_DATOS
Mon Sep  2 08:03:20 -05 2024 - cURL error response: 
Mon Sep  2 08:03:20 -05 2024 - Error sending message to Telegram: Oracle error detected: ORA-1691: unable to extend lobsegment AXISATM.SYS_LOB0000019892C00003$$ by 8192 in tablespace              CL_DATOS
Mon Sep  2 08:03:20 -05 2024 - cURL error response: 
Mon Sep  2 08:03:21 -05 2024 - Error sending message to Telegram: Oracle error detected: ORA-1691: unable to extend lobsegment AXISATM.SYS_LOB0000019892C00003$$ by 128 in tablespace              CL_DATOS
Mon Sep  2 08:03:21 -05 2024 - cURL error response: 
Mon Sep  2 08:03:21 -05 2024 - Error sending message to Telegram: Oracle error detected: ORA-1691: unable to extend lobsegment AXISATM.SYS_LOB0000019892C00003$$ by 8192 in tablespace              CL_DATOS
Mon Sep  2 08:03:21 -05 2024 - cURL error response: 
Mon Sep  2 08:03:22 -05 2024 - Error sending message to Telegram: Oracle error detected: ORA-1691: unable to extend lobsegment AXISATM.SYS_LOB0000019892C00003$$ by 128 in tablespace              CL_DATOS
Mon Sep  2 08:03:22 -05 2024 - cURL error response: 
Mon Sep  2 08:03:22 -05 2024 - Error sending message to Telegram: Oracle error detected: ORA-1691: unable to extend lobsegment AXISATM.SYS_LOB0000019892C00003$$ by 8192 in tablespace              CL_DATOS
Mon Sep  2 08:03:22 -05 2024 - cURL error response: 
Mon Sep  2 08:03:23 -05 2024 - Error sending message to Telegram: Oracle error detected: ORA-1691: unable to extend lobsegment AXISATM.SYS_LOB0000019892C00003$$ by 128 in tablespace              CL_DATOS
Mon Sep  2 08:03:23 -05 2024 - cURL error response: 
Mon Sep  2 08:03:23 -05 2024 - Error sending message to Telegram: Oracle error detected: ORA-1691: unable to extend lobsegment AXISATM.SYS_LOB0000019892C00003$$ by 8192 in tablespace              CL_DATOS
Mon Sep  2 08:03:23 -05 2024 - cURL error response: 
Mon Sep  2 08:03:24 -05 2024 - Error sending message to Telegram: Oracle error detected: ORA-1691: unable to extend lobsegment AXISATM.SYS_LOB0000019892C00003$$ by 128 in tablespace              CL_DATOS
Mon Sep  2 08:03:24 -05 2024 - cURL error response: 
Mon Sep  2 08:03:24 -05 2024 - Error sending message to Telegram: Oracle error detected: ORA-1691: unable to extend lobsegment AXISATM.SYS_LOB0000019892C00003$$ by 8192 in tablespace              CL_DATOS
Mon Sep  2 08:03:24 -05 2024 - cURL error response: 
Mon Sep  2 08:03:25 -05 2024 - Error sending message to Telegram: Oracle error detected: ORA-1691: unable to extend lobsegment AXISATM.SYS_LOB0000019892C00003$$ by 128 in tablespace              CL_DATOS
Mon Sep  2 08:03:25 -05 2024 - cURL error response: 
Mon Sep  2 08:03:25 -05 2024 - Error sending message to Telegram: Oracle error detected: ORA-1691: unable to extend lobsegment AXISATM.SYS_LOB0000019892C00003$$ by 8192 in tablespace              CL_DATOS
Mon Sep  2 08:03:25 -05 2024 - cURL error response: 
Mon Sep  2 08:03:26 -05 2024 - Error sending message to Telegram: Oracle error detected: ORA-1691: unable to extend lobsegment AXISATM.SYS_LOB0000019892C00003$$ by 128 in tablespace              CL_DATOS
Mon Sep  2 08:03:26 -05 2024 - cURL error response: 
Mon Sep  2 08:03:26 -05 2024 - Error sending message to Telegram: Oracle error detected: ORA-1691: unable to extend lobsegment AXISATM.SYS_LOB0000019892C00003$$ by 8192 in tablespace              CL_DATOS
Mon Sep  2 08:03:26 -05 2024 - cURL error response: 
Mon Sep  2 08:03:27 -05 2024 - Error sending message to Telegram: Oracle error detected: ORA-1691: unable to extend lobsegment AXISATM.SYS_LOB0000019892C00003$$ by 128 in tablespace              CL_DATOS
Mon Sep  2 08:03:27 -05 2024 - cURL error response: 
Mon Sep  2 08:03:27 -05 2024 - Error sending message to Telegram: Oracle error detected: ORA-1691: unable to extend lobsegment AXISATM.SYS_LOB0000019892C00003$$ by 8192 in tablespace              CL_DATOS
Mon Sep  2 08:03:27 -05 2024 - cURL error response: 
Mon Sep  2 08:03:28 -05 2024 - Error sending message to Telegram: Oracle error detected: ORA-1691: unable to extend lobsegment AXISATM.SYS_LOB0000019892C00003$$ by 128 in tablespace              CL_DATOS
Mon Sep  2 08:03:28 -05 2024 - cURL error response: 
Mon Sep  2 08:03:28 -05 2024 - Error sending message to Telegram: Oracle error detected: ORA-1691: unable to extend lobsegment AXISATM.SYS_LOB0000019892C00003$$ by 8192 in tablespace              CL_DATOS
Mon Sep  2 08:03:28 -05 2024 - cURL error response: 
Mon Sep  2 08:08:05 -05 2024 - Error sending message to Telegram: Oracle error detected: ORA-1691: unable to extend lobsegment AXISATM.SYS_LOB0000019892C00003$$ by 128 in tablespace              CL_DATOS
Mon Sep  2 08:08:05 -05 2024 - cURL error response: 
Mon Sep  2 08:08:05 -05 2024 - Error sending message to Telegram: Oracle error detected: ORA-1691: unable to extend lobsegment AXISATM.SYS_LOB0000019892C00003$$ by 8192 in tablespace              CL_DATOS
Mon Sep  2 08:08:05 -05 2024 - cURL error response: 
Mon Sep  2 08:08:06 -05 2024 - Error sending message to Telegram: Oracle error detected: ORA-1691: unable to extend lobsegment AXISATM.SYS_LOB0000019892C00003$$ by 128 in tablespace              CL_DATOS
Mon Sep  2 08:08:06 -05 2024 - cURL error response: 
Mon Sep  2 08:08:06 -05 2024 - Error sending message to Telegram: Oracle error detected: ORA-1691: unable to extend lobsegment AXISATM.SYS_LOB0000019892C00003$$ by 8192 in tablespace              CL_DATOS
Mon Sep  2 08:08:06 -05 2024 - cURL error response: 
Mon Sep  2 08:08:55 -05 2024 - Error sending message to Telegram: Oracle error detected: ORA-1691: unable to extend lobsegment AXISATM.SYS_LOB0000019892C00003$$ by 128 in tablespace              CL_DATOS
Mon Sep  2 08:08:55 -05 2024 - cURL error response: 
Mon Sep  2 08:08:56 -05 2024 - Error sending message to Telegram: Oracle error detected: ORA-1691: unable to extend lobsegment AXISATM.SYS_LOB0000019892C00003$$ by 8192 in tablespace              CL_DATOS
Mon Sep  2 08:08:56 -05 2024 - cURL error response: 
Mon Sep  2 08:08:56 -05 2024 - Error sending message to Telegram: Oracle error detected: ORA-1691: unable to extend lobsegment AXISATM.SYS_LOB0000019892C00003$$ by 128 in tablespace              CL_DATOS
Mon Sep  2 08:08:56 -05 2024 - cURL error response: 
Mon Sep  2 08:08:57 -05 2024 - Error sending message to Telegram: Oracle error detected: ORA-1691: unable to extend lobsegment AXISATM.SYS_LOB0000019892C00003$$ by 8192 in tablespace              CL_DATOS
Mon Sep  2 08:08:57 -05 2024 - cURL error response: 
Mon Sep  2 08:09:27 -05 2024 - Error sending message to Telegram: Oracle error detected: ORA-1691: unable to extend lobsegment AXISATM.SYS_LOB0000019892C00003$$ by 128 in tablespace              CL_DATOS
Mon Sep  2 08:09:27 -05 2024 - cURL error response: 
Mon Sep  2 08:09:27 -05 2024 - Error sending message to Telegram: Oracle error detected: ORA-1691: unable to extend lobsegment AXISATM.SYS_LOB0000019892C00003$$ by 8192 in tablespace              CL_DATOS
Mon Sep  2 08:09:27 -05 2024 - cURL error response: 
Mon Sep  2 08:09:28 -05 2024 - Error sending message to Telegram: Oracle error detected: ORA-1691: unable to extend lobsegment AXISATM.SYS_LOB0000019892C00003$$ by 128 in tablespace              CL_DATOS
Mon Sep  2 08:09:28 -05 2024 - cURL error response: 
Mon Sep  2 08:09:28 -05 2024 - Error sending message to Telegram: Oracle error detected: ORA-1691: unable to extend lobsegment AXISATM.SYS_LOB0000019892C00003$$ by 8192 in tablespace              CL_DATOS
Mon Sep  2 08:09:28 -05 2024 - cURL error response: 
Mon Sep  2 08:09:52 -05 2024 - Error sending message to Telegram: Oracle error detected: ORA-1691: unable to extend lobsegment AXISATM.SYS_LOB0000019892C00003$$ by 128 in tablespace              CL_DATOS
Mon Sep  2 08:09:52 -05 2024 - cURL error response: 
Mon Sep  2 08:09:52 -05 2024 - Error sending message to Telegram: Oracle error detected: ORA-1691: unable to extend lobsegment AXISATM.SYS_LOB0000019892C00003$$ by 8192 in tablespace              CL_DATOS
Mon Sep  2 08:09:52 -05 2024 - cURL error response: 
Mon Sep  2 08:09:53 -05 2024 - Error sending message to Telegram: Oracle error detected: ORA-1691: unable to extend lobsegment AXISATM.SYS_LOB0000019892C00003$$ by 128 in tablespace              CL_DATOS
Mon Sep  2 08:09:53 -05 2024 - cURL error response: 
Mon Sep  2 08:09:53 -05 2024 - Error sending message to Telegram: Oracle error detected: ORA-1691: unable to extend lobsegment AXISATM.SYS_LOB0000019892C00003$$ by 8192 in tablespace              CL_DATOS
Mon Sep  2 08:09:53 -05 2024 - cURL error response: 
Mon Sep  2 08:10:19 -05 2024 - Error sending message to Telegram: Oracle error detected: ORA-1691: unable to extend lobsegment AXISATM.SYS_LOB0000019892C00003$$ by 128 in tablespace              CL_DATOS
Mon Sep  2 08:10:19 -05 2024 - cURL error response: 
Mon Sep  2 08:10:19 -05 2024 - Error sending message to Telegram: Oracle error detected: ORA-1691: unable to extend lobsegment AXISATM.SYS_LOB0000019892C00003$$ by 8192 in tablespace              CL_DATOS
Mon Sep  2 08:10:19 -05 2024 - cURL error response: 
Mon Sep  2 08:10:20 -05 2024 - Error sending message to Telegram: Oracle error detected: ORA-1691: unable to extend lobsegment AXISATM.SYS_LOB0000019892C00003$$ by 128 in tablespace              CL_DATOS
Mon Sep  2 08:10:20 -05 2024 - cURL error response: 
Mon Sep  2 08:10:20 -05 2024 - Error sending message to Telegram: Oracle error detected: ORA-1691: unable to extend lobsegment AXISATM.SYS_LOB0000019892C00003$$ by 8192 in tablespace              CL_DATOS
Mon Sep  2 08:10:20 -05 2024 - cURL error response: 
Mon Sep  2 08:10:47 -05 2024 - Error sending message to Telegram: Oracle error detected: ORA-1691: unable to extend lobsegment AXISATM.SYS_LOB0000019892C00003$$ by 128 in tablespace              CL_DATOS
Mon Sep  2 08:10:47 -05 2024 - cURL error response: 
Mon Sep  2 08:10:47 -05 2024 - Error sending message to Telegram: Oracle error detected: ORA-1691: unable to extend lobsegment AXISATM.SYS_LOB0000019892C00003$$ by 8192 in tablespace              CL_DATOS
Mon Sep  2 08:10:47 -05 2024 - cURL error response: 
Mon Sep  2 08:10:48 -05 2024 - Error sending message to Telegram: Oracle error detected: ORA-1691: unable to extend lobsegment AXISATM.SYS_LOB0000019892C00003$$ by 128 in tablespace              CL_DATOS
Mon Sep  2 08:10:48 -05 2024 - cURL error response: 
Mon Sep  2 08:10:49 -05 2024 - Error sending message to Telegram: Oracle error detected: ORA-1691: unable to extend lobsegment AXISATM.SYS_LOB0000019892C00003$$ by 8192 in tablespace              CL_DATOS
Mon Sep  2 08:10:49 -05 2024 - cURL error response: 
Mon Sep  2 08:11:15 -05 2024 - Error sending message to Telegram: Oracle error detected: ORA-1691: unable to extend lobsegment AXISATM.SYS_LOB0000019892C00003$$ by 128 in tablespace              CL_DATOS
Mon Sep  2 08:11:15 -05 2024 - cURL error response: 
Mon Sep  2 08:11:15 -05 2024 - Error sending message to Telegram: Oracle error detected: ORA-1691: unable to extend lobsegment AXISATM.SYS_LOB0000019892C00003$$ by 8192 in tablespace              CL_DATOS
Mon Sep  2 08:11:15 -05 2024 - cURL error response: 
Mon Sep  2 08:11:16 -05 2024 - Error sending message to Telegram: Oracle error detected: ORA-1691: unable to extend lobsegment AXISATM.SYS_LOB0000019892C00003$$ by 128 in tablespace              CL_DATOS
Mon Sep  2 08:11:16 -05 2024 - cURL error response: 
Mon Sep  2 08:11:16 -05 2024 - Error sending message to Telegram: Oracle error detected: ORA-1691: unable to extend lobsegment AXISATM.SYS_LOB0000019892C00003$$ by 8192 in tablespace              CL_DATOS
Mon Sep  2 08:11:16 -05 2024 - cURL error response: 
Mon Sep  2 08:11:39 -05 2024 - Error sending message to Telegram: Oracle error detected: ORA-1691: unable to extend lobsegment AXISATM.SYS_LOB0000019892C00003$$ by 128 in tablespace              CL_DATOS
Mon Sep  2 08:11:39 -05 2024 - cURL error response: 
Mon Sep  2 08:11:39 -05 2024 - Error sending message to Telegram: Oracle error detected: ORA-1691: unable to extend lobsegment AXISATM.SYS_LOB0000019892C00003$$ by 8192 in tablespace              CL_DATOS
Mon Sep  2 08:11:39 -05 2024 - cURL error response: 
Mon Sep  2 08:11:40 -05 2024 - Error sending message to Telegram: Oracle error detected: ORA-1691: unable to extend lobsegment AXISATM.SYS_LOB0000019892C00003$$ by 128 in tablespace              CL_DATOS
Mon Sep  2 08:11:40 -05 2024 - cURL error response: 
Mon Sep  2 08:11:40 -05 2024 - Error sending message to Telegram: Oracle error detected: ORA-1691: unable to extend lobsegment AXISATM.SYS_LOB0000019892C00003$$ by 8192 in tablespace              CL_DATOS
Mon Sep  2 08:11:40 -05 2024 - cURL error response: 
Mon Sep  2 08:12:03 -05 2024 - Error sending message to Telegram: Oracle error detected: ORA-1691: unable to extend lobsegment AXISATM.SYS_LOB0000019892C00003$$ by 128 in tablespace              CL_DATOS
Mon Sep  2 08:12:03 -05 2024 - cURL error response: 
Mon Sep  2 08:12:04 -05 2024 - Error sending message to Telegram: Oracle error detected: ORA-1691: unable to extend lobsegment AXISATM.SYS_LOB0000019892C00003$$ by 8192 in tablespace              CL_DATOS
Mon Sep  2 08:12:04 -05 2024 - cURL error response: 
Mon Sep  2 08:12:04 -05 2024 - Error sending message to Telegram: Oracle error detected: ORA-1691: unable to extend lobsegment AXISATM.SYS_LOB0000019892C00003$$ by 128 in tablespace              CL_DATOS
Mon Sep  2 08:12:04 -05 2024 - cURL error response: 
Mon Sep  2 08:12:05 -05 2024 - Error sending message to Telegram: Oracle error detected: ORA-1691: unable to extend lobsegment AXISATM.SYS_LOB0000019892C00003$$ by 8192 in tablespace              CL_DATOS
Mon Sep  2 08:12:05 -05 2024 - cURL error response: 
Mon Sep  2 08:12:28 -05 2024 - Error sending message to Telegram: Oracle error detected: ORA-1691: unable to extend lobsegment AXISATM.SYS_LOB0000019892C00003$$ by 128 in tablespace              CL_DATOS
Mon Sep  2 08:12:28 -05 2024 - cURL error response: 
Mon Sep  2 08:12:29 -05 2024 - Error sending message to Telegram: Oracle error detected: ORA-1691: unable to extend lobsegment AXISATM.SYS_LOB0000019892C00003$$ by 8192 in tablespace              CL_DATOS
Mon Sep  2 08:12:29 -05 2024 - cURL error response: 
Mon Sep  2 08:12:29 -05 2024 - Error sending message to Telegram: Oracle error detected: ORA-1691: unable to extend lobsegment AXISATM.SYS_LOB0000019892C00003$$ by 128 in tablespace              CL_DATOS
Mon Sep  2 08:12:29 -05 2024 - cURL error response: 
Mon Sep  2 08:12:30 -05 2024 - Error sending message to Telegram: Oracle error detected: ORA-1691: unable to extend lobsegment AXISATM.SYS_LOB0000019892C00003$$ by 8192 in tablespace              CL_DATOS
Mon Sep  2 08:12:30 -05 2024 - cURL error response: 
Mon Sep  2 08:13:00 -05 2024 - Error sending message to Telegram: Oracle error detected: ORA-1691: unable to extend lobsegment AXISATM.SYS_LOB0000019892C00003$$ by 128 in tablespace              CL_DATOS
Mon Sep  2 08:13:00 -05 2024 - cURL error response: 
Mon Sep  2 08:13:01 -05 2024 - Error sending message to Telegram: Oracle error detected: ORA-1691: unable to extend lobsegment AXISATM.SYS_LOB0000019892C00003$$ by 8192 in tablespace              CL_DATOS
Mon Sep  2 08:13:01 -05 2024 - cURL error response: 
Mon Sep  2 08:13:01 -05 2024 - Error sending message to Telegram: Oracle error detected: ORA-1691: unable to extend lobsegment AXISATM.SYS_LOB0000019892C00003$$ by 128 in tablespace              CL_DATOS
Mon Sep  2 08:13:01 -05 2024 - cURL error response: 
Mon Sep  2 08:13:02 -05 2024 - Error sending message to Telegram: Oracle error detected: ORA-1691: unable to extend lobsegment AXISATM.SYS_LOB0000019892C00003$$ by 8192 in tablespace              CL_DATOS
Mon Sep  2 08:13:02 -05 2024 - cURL error response: 
Mon Sep  2 08:13:24 -05 2024 - Error sending message to Telegram: Oracle error detected: ORA-1691: unable to extend lobsegment AXISATM.SYS_LOB0000019892C00003$$ by 128 in tablespace              CL_DATOS
Mon Sep  2 08:13:24 -05 2024 - cURL error response: 
Mon Sep  2 08:13:25 -05 2024 - Error sending message to Telegram: Oracle error detected: ORA-1691: unable to extend lobsegment AXISATM.SYS_LOB0000019892C00003$$ by 8192 in tablespace              CL_DATOS
Mon Sep  2 08:13:25 -05 2024 - cURL error response: 
Mon Sep  2 08:13:25 -05 2024 - Error sending message to Telegram: Oracle error detected: ORA-1691: unable to extend lobsegment AXISATM.SYS_LOB0000019892C00003$$ by 128 in tablespace              CL_DATOS
Mon Sep  2 08:13:25 -05 2024 - cURL error response: 
Mon Sep  2 08:13:26 -05 2024 - Error sending message to Telegram: Oracle error detected: ORA-1691: unable to extend lobsegment AXISATM.SYS_LOB0000019892C00003$$ by 8192 in tablespace              CL_DATOS
Mon Sep  2 08:13:26 -05 2024 - cURL error response: 
Mon Sep  2 08:13:52 -05 2024 - Error sending message to Telegram: Oracle error detected: ORA-1691: unable to extend lobsegment AXISATM.SYS_LOB0000019892C00003$$ by 128 in tablespace              CL_DATOS
Mon Sep  2 08:13:52 -05 2024 - cURL error response: 
Mon Sep  2 08:13:52 -05 2024 - Error sending message to Telegram: Oracle error detected: ORA-1691: unable to extend lobsegment AXISATM.SYS_LOB0000019892C00003$$ by 8192 in tablespace              CL_DATOS
Mon Sep  2 08:13:52 -05 2024 - cURL error response: 
Mon Sep  2 08:13:53 -05 2024 - Error sending message to Telegram: Oracle error detected: ORA-1691: unable to extend lobsegment AXISATM.SYS_LOB0000019892C00003$$ by 128 in tablespace              CL_DATOS
Mon Sep  2 08:13:53 -05 2024 - cURL error response: 
Mon Sep  2 08:13:53 -05 2024 - Error sending message to Telegram: Oracle error detected: ORA-1691: unable to extend lobsegment AXISATM.SYS_LOB0000019892C00003$$ by 8192 in tablespace              CL_DATOS
Mon Sep  2 08:13:53 -05 2024 - cURL error response: 
Mon Sep  2 08:14:15 -05 2024 - Error sending message to Telegram: Oracle error detected: ORA-1691: unable to extend lobsegment AXISATM.SYS_LOB0000019892C00003$$ by 128 in tablespace              CL_DATOS
Mon Sep  2 08:14:15 -05 2024 - cURL error response: 
Mon Sep  2 08:14:15 -05 2024 - Error sending message to Telegram: Oracle error detected: ORA-1691: unable to extend lobsegment AXISATM.SYS_LOB0000019892C00003$$ by 8192 in tablespace              CL_DATOS
Mon Sep  2 08:14:15 -05 2024 - cURL error response: 
Mon Sep  2 08:14:16 -05 2024 - Error sending message to Telegram: Oracle error detected: ORA-1691: unable to extend lobsegment AXISATM.SYS_LOB0000019892C00003$$ by 128 in tablespace              CL_DATOS
Mon Sep  2 08:14:16 -05 2024 - cURL error response: 
Mon Sep  2 08:14:16 -05 2024 - Error sending message to Telegram: Oracle error detected: ORA-1691: unable to extend lobsegment AXISATM.SYS_LOB0000019892C00003$$ by 8192 in tablespace              CL_DATOS
Mon Sep  2 08:14:16 -05 2024 - cURL error response: 
Mon Sep  2 08:14:45 -05 2024 - Error sending message to Telegram: Oracle error detected: ORA-1691: unable to extend lobsegment AXISATM.SYS_LOB0000019892C00003$$ by 128 in tablespace              CL_DATOS
Mon Sep  2 08:14:45 -05 2024 - cURL error response: 
Mon Sep  2 08:14:45 -05 2024 - Error sending message to Telegram: Oracle error detected: ORA-1691: unable to extend lobsegment AXISATM.SYS_LOB0000019892C00003$$ by 8192 in tablespace              CL_DATOS
Mon Sep  2 08:14:45 -05 2024 - cURL error response: 
Mon Sep  2 08:14:46 -05 2024 - Error sending message to Telegram: Oracle error detected: ORA-1691: unable to extend lobsegment AXISATM.SYS_LOB0000019892C00003$$ by 128 in tablespace              CL_DATOS
Mon Sep  2 08:14:46 -05 2024 - cURL error response: 
Mon Sep  2 08:14:46 -05 2024 - Error sending message to Telegram: Oracle error detected: ORA-1691: unable to extend lobsegment AXISATM.SYS_LOB0000019892C00003$$ by 8192 in tablespace              CL_DATOS
Mon Sep  2 08:14:46 -05 2024 - cURL error response: 
Mon Sep  2 08:15:17 -05 2024 - Error sending message to Telegram: Oracle error detected: ORA-1691: unable to extend lobsegment AXISATM.SYS_LOB0000019892C00003$$ by 128 in tablespace              CL_DATOS
Mon Sep  2 08:15:17 -05 2024 - cURL error response: 
Mon Sep  2 08:15:18 -05 2024 - Error sending message to Telegram: Oracle error detected: ORA-1691: unable to extend lobsegment AXISATM.SYS_LOB0000019892C00003$$ by 8192 in tablespace              CL_DATOS
Mon Sep  2 08:15:18 -05 2024 - cURL error response: 
Mon Sep  2 08:15:18 -05 2024 - Error sending message to Telegram: Oracle error detected: ORA-1691: unable to extend lobsegment AXISATM.SYS_LOB0000019892C00003$$ by 128 in tablespace              CL_DATOS
Mon Sep  2 08:15:18 -05 2024 - cURL error response: 
Mon Sep  2 08:15:19 -05 2024 - Error sending message to Telegram: Oracle error detected: ORA-1691: unable to extend lobsegment AXISATM.SYS_LOB0000019892C00003$$ by 8192 in tablespace              CL_DATOS
Mon Sep  2 08:15:19 -05 2024 - cURL error response: 
Mon Sep  2 08:15:45 -05 2024 - Error sending message to Telegram: Oracle error detected: ORA-1691: unable to extend lobsegment AXISATM.SYS_LOB0000019892C00003$$ by 128 in tablespace              CL_DATOS
Mon Sep  2 08:15:45 -05 2024 - cURL error response: 
Mon Sep  2 08:15:45 -05 2024 - Error sending message to Telegram: Oracle error detected: ORA-1691: unable to extend lobsegment AXISATM.SYS_LOB0000019892C00003$$ by 8192 in tablespace              CL_DATOS
Mon Sep  2 08:15:45 -05 2024 - cURL error response: 
Mon Sep  2 08:15:46 -05 2024 - Error sending message to Telegram: Oracle error detected: ORA-1691: unable to extend lobsegment AXISATM.SYS_LOB0000019892C00003$$ by 128 in tablespace              CL_DATOS
Mon Sep  2 08:15:46 -05 2024 - cURL error response: 
Mon Sep  2 08:15:46 -05 2024 - Error sending message to Telegram: Oracle error detected: ORA-1691: unable to extend lobsegment AXISATM.SYS_LOB0000019892C00003$$ by 8192 in tablespace              CL_DATOS
Mon Sep  2 08:15:46 -05 2024 - cURL error response: 
Mon Sep  2 08:16:28 -05 2024 - Error sending message to Telegram: Oracle error detected: ORA-1691: unable to extend lobsegment AXISATM.SYS_LOB0000019892C00003$$ by 128 in tablespace              CL_DATOS
Mon Sep  2 08:16:28 -05 2024 - cURL error response: 
Mon Sep  2 08:16:28 -05 2024 - Error sending message to Telegram: Oracle error detected: ORA-1691: unable to extend lobsegment AXISATM.SYS_LOB0000019892C00003$$ by 8192 in tablespace              CL_DATOS
Mon Sep  2 08:16:28 -05 2024 - cURL error response: 
Mon Sep  2 08:16:29 -05 2024 - Error sending message to Telegram: Oracle error detected: ORA-1691: unable to extend lobsegment AXISATM.SYS_LOB0000019892C00003$$ by 128 in tablespace              CL_DATOS
Mon Sep  2 08:16:29 -05 2024 - cURL error response: 
Mon Sep  2 08:16:29 -05 2024 - Error sending message to Telegram: Oracle error detected: ORA-1691: unable to extend lobsegment AXISATM.SYS_LOB0000019892C00003$$ by 8192 in tablespace              CL_DATOS
Mon Sep  2 08:16:29 -05 2024 - cURL error response: 
Mon Sep  2 08:16:52 -05 2024 - Error sending message to Telegram: Oracle error detected: ORA-1691: unable to extend lobsegment AXISATM.SYS_LOB0000019892C00003$$ by 128 in tablespace              CL_DATOS
Mon Sep  2 08:16:52 -05 2024 - cURL error response: 
Mon Sep  2 08:16:52 -05 2024 - Error sending message to Telegram: Oracle error detected: ORA-1691: unable to extend lobsegment AXISATM.SYS_LOB0000019892C00003$$ by 8192 in tablespace              CL_DATOS
Mon Sep  2 08:16:52 -05 2024 - cURL error response: 
Mon Sep  2 08:16:53 -05 2024 - Error sending message to Telegram: Oracle error detected: ORA-1691: unable to extend lobsegment AXISATM.SYS_LOB0000019892C00003$$ by 128 in tablespace              CL_DATOS
Mon Sep  2 08:16:53 -05 2024 - cURL error response: 
Mon Sep  2 08:16:53 -05 2024 - Error sending message to Telegram: Oracle error detected: ORA-1691: unable to extend lobsegment AXISATM.SYS_LOB0000019892C00003$$ by 8192 in tablespace              CL_DATOS
Mon Sep  2 08:16:53 -05 2024 - cURL error response: 
Mon Sep  2 08:31:12 -05 2024 - Error sending message to Telegram: Oracle error detected: ORA-1691: unable to extend lobsegment AXISATM.SYS_LOB0000019892C00003$$ by 128 in tablespace              CL_DATOS
Mon Sep  2 08:31:12 -05 2024 - cURL error response: 
Mon Sep  2 08:31:13 -05 2024 - Error sending message to Telegram: Oracle error detected: ORA-1691: unable to extend lobsegment AXISATM.SYS_LOB0000019892C00003$$ by 8192 in tablespace              CL_DATOS
Mon Sep  2 08:31:13 -05 2024 - cURL error response: 
Mon Sep  2 08:31:13 -05 2024 - Error sending message to Telegram: Oracle error detected: ORA-1691: unable to extend lobsegment AXISATM.SYS_LOB0000019892C00003$$ by 128 in tablespace              CL_DATOS
Mon Sep  2 08:31:13 -05 2024 - cURL error response: 
Mon Sep  2 08:31:14 -05 2024 - Error sending message to Telegram: Oracle error detected: ORA-1691: unable to extend lobsegment AXISATM.SYS_LOB0000019892C00003$$ by 8192 in tablespace              CL_DATOS
Mon Sep  2 08:31:14 -05 2024 - cURL error response: 
Mon Sep  2 08:31:50 -05 2024 - Error sending message to Telegram: Oracle error detected: ORA-1691: unable to extend lobsegment AXISATM.SYS_LOB0000019892C00003$$ by 128 in tablespace              CL_DATOS
Mon Sep  2 08:31:50 -05 2024 - cURL error response: 
Mon Sep  2 08:31:50 -05 2024 - Error sending message to Telegram: Oracle error detected: ORA-1691: unable to extend lobsegment AXISATM.SYS_LOB0000019892C00003$$ by 8192 in tablespace              CL_DATOS
Mon Sep  2 08:31:50 -05 2024 - cURL error response: 
Mon Sep  2 08:31:51 -05 2024 - Error sending message to Telegram: Oracle error detected: ORA-1691: unable to extend lobsegment AXISATM.SYS_LOB0000019892C00003$$ by 128 in tablespace              CL_DATOS
Mon Sep  2 08:31:51 -05 2024 - cURL error response: 
Mon Sep  2 08:31:51 -05 2024 - Error sending message to Telegram: Oracle error detected: ORA-1691: unable to extend lobsegment AXISATM.SYS_LOB0000019892C00003$$ by 8192 in tablespace              CL_DATOS
Mon Sep  2 08:31:51 -05 2024 - cURL error response: 
Mon Sep  2 08:32:21 -05 2024 - Error sending message to Telegram: Oracle error detected: ORA-1691: unable to extend lobsegment AXISATM.SYS_LOB0000019892C00003$$ by 128 in tablespace              CL_DATOS
Mon Sep  2 08:32:21 -05 2024 - cURL error response: 
Mon Sep  2 08:32:22 -05 2024 - Error sending message to Telegram: Oracle error detected: ORA-1691: unable to extend lobsegment AXISATM.SYS_LOB0000019892C00003$$ by 8192 in tablespace              CL_DATOS
Mon Sep  2 08:32:22 -05 2024 - cURL error response: 
Mon Sep  2 08:32:22 -05 2024 - Error sending message to Telegram: Oracle error detected: ORA-1691: unable to extend lobsegment AXISATM.SYS_LOB0000019892C00003$$ by 128 in tablespace              CL_DATOS
Mon Sep  2 08:32:22 -05 2024 - cURL error response: 
Mon Sep  2 08:32:23 -05 2024 - Error sending message to Telegram: Oracle error detected: ORA-1691: unable to extend lobsegment AXISATM.SYS_LOB0000019892C00003$$ by 8192 in tablespace              CL_DATOS
Mon Sep  2 08:32:23 -05 2024 - cURL error response: 
Mon Sep  2 08:32:49 -05 2024 - Error sending message to Telegram: Oracle error detected: ORA-1691: unable to extend lobsegment AXISATM.SYS_LOB0000019892C00003$$ by 128 in tablespace              CL_DATOS
Mon Sep  2 08:32:49 -05 2024 - cURL error response: 
Mon Sep  2 08:32:50 -05 2024 - Error sending message to Telegram: Oracle error detected: ORA-1691: unable to extend lobsegment AXISATM.SYS_LOB0000019892C00003$$ by 8192 in tablespace              CL_DATOS
Mon Sep  2 08:32:50 -05 2024 - cURL error response: 
Mon Sep  2 08:32:51 -05 2024 - Error sending message to Telegram: Oracle error detected: ORA-1691: unable to extend lobsegment AXISATM.SYS_LOB0000019892C00003$$ by 128 in tablespace              CL_DATOS
Mon Sep  2 08:32:51 -05 2024 - cURL error response: 
Mon Sep  2 08:32:51 -05 2024 - Error sending message to Telegram: Oracle error detected: ORA-1691: unable to extend lobsegment AXISATM.SYS_LOB0000019892C00003$$ by 8192 in tablespace              CL_DATOS
Mon Sep  2 08:32:51 -05 2024 - cURL error response: 
Mon Sep  2 08:33:18 -05 2024 - Error sending message to Telegram: Oracle error detected: ORA-1691: unable to extend lobsegment AXISATM.SYS_LOB0000019892C00003$$ by 128 in tablespace              CL_DATOS
Mon Sep  2 08:33:18 -05 2024 - cURL error response: 
Mon Sep  2 08:33:19 -05 2024 - Error sending message to Telegram: Oracle error detected: ORA-1691: unable to extend lobsegment AXISATM.SYS_LOB0000019892C00003$$ by 8192 in tablespace              CL_DATOS
Mon Sep  2 08:33:19 -05 2024 - cURL error response: 
Mon Sep  2 08:33:20 -05 2024 - Error sending message to Telegram: Oracle error detected: ORA-1691: unable to extend lobsegment AXISATM.SYS_LOB0000019892C00003$$ by 128 in tablespace              CL_DATOS
Mon Sep  2 08:33:20 -05 2024 - cURL error response: 
Mon Sep  2 08:33:20 -05 2024 - Error sending message to Telegram: Oracle error detected: ORA-1691: unable to extend lobsegment AXISATM.SYS_LOB0000019892C00003$$ by 8192 in tablespace              CL_DATOS
Mon Sep  2 08:33:20 -05 2024 - cURL error response: 
Mon Sep  2 08:33:55 -05 2024 - Error sending message to Telegram: Oracle error detected: ORA-1691: unable to extend lobsegment AXISATM.SYS_LOB0000019892C00003$$ by 128 in tablespace              CL_DATOS
Mon Sep  2 08:33:55 -05 2024 - cURL error response: 
Mon Sep  2 08:33:56 -05 2024 - Error sending message to Telegram: Oracle error detected: ORA-1691: unable to extend lobsegment AXISATM.SYS_LOB0000019892C00003$$ by 8192 in tablespace              CL_DATOS
Mon Sep  2 08:33:56 -05 2024 - cURL error response: 
Mon Sep  2 08:33:56 -05 2024 - Error sending message to Telegram: Oracle error detected: ORA-1691: unable to extend lobsegment AXISATM.SYS_LOB0000019892C00003$$ by 128 in tablespace              CL_DATOS
Mon Sep  2 08:33:56 -05 2024 - cURL error response: 
Mon Sep  2 08:33:57 -05 2024 - Error sending message to Telegram: Oracle error detected: ORA-1691: unable to extend lobsegment AXISATM.SYS_LOB0000019892C00003$$ by 8192 in tablespace              CL_DATOS
Mon Sep  2 08:33:57 -05 2024 - cURL error response: 
Mon Sep  2 08:34:32 -05 2024 - Error sending message to Telegram: Oracle error detected: ORA-1691: unable to extend lobsegment AXISATM.SYS_LOB0000019892C00003$$ by 128 in tablespace              CL_DATOS
Mon Sep  2 08:34:32 -05 2024 - cURL error response: 
Mon Sep  2 08:34:32 -05 2024 - Error sending message to Telegram: Oracle error detected: ORA-1691: unable to extend lobsegment AXISATM.SYS_LOB0000019892C00003$$ by 8192 in tablespace              CL_DATOS
Mon Sep  2 08:34:32 -05 2024 - cURL error response: 
Mon Sep  2 08:34:33 -05 2024 - Error sending message to Telegram: Oracle error detected: ORA-1691: unable to extend lobsegment AXISATM.SYS_LOB0000019892C00003$$ by 128 in tablespace              CL_DATOS
Mon Sep  2 08:34:33 -05 2024 - cURL error response: 
Mon Sep  2 08:34:34 -05 2024 - Error sending message to Telegram: Oracle error detected: ORA-1691: unable to extend lobsegment AXISATM.SYS_LOB0000019892C00003$$ by 8192 in tablespace              CL_DATOS
Mon Sep  2 08:34:34 -05 2024 - cURL error response: 
Mon Sep  2 08:35:37 -05 2024 - Error sending message to Telegram: Oracle error detected: ORA-1691: unable to extend lobsegment AXISATM.SYS_LOB0000019892C00003$$ by 128 in tablespace              CL_DATOS
Mon Sep  2 08:35:37 -05 2024 - cURL error response: 
Mon Sep  2 08:35:38 -05 2024 - Error sending message to Telegram: Oracle error detected: ORA-1691: unable to extend lobsegment AXISATM.SYS_LOB0000019892C00003$$ by 8192 in tablespace              CL_DATOS
Mon Sep  2 08:35:38 -05 2024 - cURL error response: 
Mon Sep  2 08:35:39 -05 2024 - Error sending message to Telegram: Oracle error detected: ORA-1691: unable to extend lobsegment AXISATM.SYS_LOB0000019892C00003$$ by 128 in tablespace              CL_DATOS
Mon Sep  2 08:35:39 -05 2024 - cURL error response: 
Mon Sep  2 08:35:39 -05 2024 - Error sending message to Telegram: Oracle error detected: ORA-1691: unable to extend lobsegment AXISATM.SYS_LOB0000019892C00003$$ by 8192 in tablespace              CL_DATOS
Mon Sep  2 08:35:39 -05 2024 - cURL error response: 
Mon Sep  2 08:36:12 -05 2024 - Error sending message to Telegram: Oracle error detected: ORA-1691: unable to extend lobsegment AXISATM.SYS_LOB0000019892C00003$$ by 128 in tablespace              CL_DATOS
Mon Sep  2 08:36:12 -05 2024 - cURL error response: 
Mon Sep  2 08:36:13 -05 2024 - Error sending message to Telegram: Oracle error detected: ORA-1691: unable to extend lobsegment AXISATM.SYS_LOB0000019892C00003$$ by 8192 in tablespace              CL_DATOS
Mon Sep  2 08:36:13 -05 2024 - cURL error response: 
Mon Sep  2 08:36:13 -05 2024 - Error sending message to Telegram: Oracle error detected: ORA-1691: unable to extend lobsegment AXISATM.SYS_LOB0000019892C00003$$ by 128 in tablespace              CL_DATOS
Mon Sep  2 08:36:13 -05 2024 - cURL error response: 
Mon Sep  2 08:36:14 -05 2024 - Error sending message to Telegram: Oracle error detected: ORA-1691: unable to extend lobsegment AXISATM.SYS_LOB0000019892C00003$$ by 8192 in tablespace              CL_DATOS
Mon Sep  2 08:36:14 -05 2024 - cURL error response: 
Mon Sep  2 08:36:40 -05 2024 - Error sending message to Telegram: Oracle error detected: ORA-1691: unable to extend lobsegment AXISATM.SYS_LOB0000019892C00003$$ by 128 in tablespace              CL_DATOS
Mon Sep  2 08:36:40 -05 2024 - cURL error response: 
Mon Sep  2 08:36:41 -05 2024 - Error sending message to Telegram: Oracle error detected: ORA-1691: unable to extend lobsegment AXISATM.SYS_LOB0000019892C00003$$ by 8192 in tablespace              CL_DATOS
Mon Sep  2 08:36:41 -05 2024 - cURL error response: 
Mon Sep  2 08:36:42 -05 2024 - Error sending message to Telegram: Oracle error detected: ORA-1691: unable to extend lobsegment AXISATM.SYS_LOB0000019892C00003$$ by 128 in tablespace              CL_DATOS
Mon Sep  2 08:36:42 -05 2024 - cURL error response: 
Mon Sep  2 08:36:42 -05 2024 - Error sending message to Telegram: Oracle error detected: ORA-1691: unable to extend lobsegment AXISATM.SYS_LOB0000019892C00003$$ by 8192 in tablespace              CL_DATOS
Mon Sep  2 08:36:42 -05 2024 - cURL error response: 
Mon Sep  2 08:37:06 -05 2024 - Error sending message to Telegram: Oracle error detected: ORA-1691: unable to extend lobsegment AXISATM.SYS_LOB0000019892C00003$$ by 128 in tablespace              CL_DATOS
Mon Sep  2 08:37:06 -05 2024 - cURL error response: 
Mon Sep  2 08:37:07 -05 2024 - Error sending message to Telegram: Oracle error detected: ORA-1691: unable to extend lobsegment AXISATM.SYS_LOB0000019892C00003$$ by 8192 in tablespace              CL_DATOS
Mon Sep  2 08:37:07 -05 2024 - cURL error response: 
Mon Sep  2 08:37:07 -05 2024 - Error sending message to Telegram: Oracle error detected: ORA-1691: unable to extend lobsegment AXISATM.SYS_LOB0000019892C00003$$ by 128 in tablespace              CL_DATOS
Mon Sep  2 08:37:07 -05 2024 - cURL error response: 
Mon Sep  2 08:37:08 -05 2024 - Error sending message to Telegram: Oracle error detected: ORA-1691: unable to extend lobsegment AXISATM.SYS_LOB0000019892C00003$$ by 8192 in tablespace              CL_DATOS
Mon Sep  2 08:37:08 -05 2024 - cURL error response: 
Mon Sep  2 08:37:40 -05 2024 - Error sending message to Telegram: Oracle error detected: ORA-1691: unable to extend lobsegment AXISATM.SYS_LOB0000019892C00003$$ by 128 in tablespace              CL_DATOS
Mon Sep  2 08:37:40 -05 2024 - cURL error response: 
Mon Sep  2 08:37:41 -05 2024 - Error sending message to Telegram: Oracle error detected: ORA-1691: unable to extend lobsegment AXISATM.SYS_LOB0000019892C00003$$ by 8192 in tablespace              CL_DATOS
Mon Sep  2 08:37:41 -05 2024 - cURL error response: 
Mon Sep  2 08:37:41 -05 2024 - Error sending message to Telegram: Oracle error detected: ORA-1691: unable to extend lobsegment AXISATM.SYS_LOB0000019892C00003$$ by 128 in tablespace              CL_DATOS
Mon Sep  2 08:37:41 -05 2024 - cURL error response: 
Mon Sep  2 08:37:42 -05 2024 - Error sending message to Telegram: Oracle error detected: ORA-1691: unable to extend lobsegment AXISATM.SYS_LOB0000019892C00003$$ by 8192 in tablespace              CL_DATOS
Mon Sep  2 08:37:42 -05 2024 - cURL error response: 
Mon Sep  2 08:38:06 -05 2024 - Error sending message to Telegram: Oracle error detected: ORA-1691: unable to extend lobsegment AXISATM.SYS_LOB0000019892C00003$$ by 128 in tablespace              CL_DATOS
Mon Sep  2 08:38:06 -05 2024 - cURL error response: 
Mon Sep  2 08:38:07 -05 2024 - Error sending message to Telegram: Oracle error detected: ORA-1691: unable to extend lobsegment AXISATM.SYS_LOB0000019892C00003$$ by 8192 in tablespace              CL_DATOS
Mon Sep  2 08:38:07 -05 2024 - cURL error response: 
Mon Sep  2 08:38:07 -05 2024 - Error sending message to Telegram: Oracle error detected: ORA-1691: unable to extend lobsegment AXISATM.SYS_LOB0000019892C00003$$ by 128 in tablespace              CL_DATOS
Mon Sep  2 08:38:07 -05 2024 - cURL error response: 
Mon Sep  2 08:38:08 -05 2024 - Error sending message to Telegram: Oracle error detected: ORA-1691: unable to extend lobsegment AXISATM.SYS_LOB0000019892C00003$$ by 8192 in tablespace              CL_DATOS
Mon Sep  2 08:38:08 -05 2024 - cURL error response: 
Mon Sep  2 08:38:33 -05 2024 - Error sending message to Telegram: Oracle error detected: ORA-1691: unable to extend lobsegment AXISATM.SYS_LOB0000019892C00003$$ by 128 in tablespace              CL_DATOS
Mon Sep  2 08:38:33 -05 2024 - cURL error response: 
Mon Sep  2 08:38:33 -05 2024 - Error sending message to Telegram: Oracle error detected: ORA-1691: unable to extend lobsegment AXISATM.SYS_LOB0000019892C00003$$ by 8192 in tablespace              CL_DATOS
Mon Sep  2 08:38:33 -05 2024 - cURL error response: 
Mon Sep  2 08:38:34 -05 2024 - Error sending message to Telegram: Oracle error detected: ORA-1691: unable to extend lobsegment AXISATM.SYS_LOB0000019892C00003$$ by 128 in tablespace              CL_DATOS
Mon Sep  2 08:38:34 -05 2024 - cURL error response: 
Mon Sep  2 08:38:34 -05 2024 - Error sending message to Telegram: Oracle error detected: ORA-1691: unable to extend lobsegment AXISATM.SYS_LOB0000019892C00003$$ by 8192 in tablespace              CL_DATOS
Mon Sep  2 08:38:34 -05 2024 - cURL error response: 
Mon Sep  2 08:38:50 -05 2024 - Error sending message to Telegram: Oracle error detected: ORA-1691: unable to extend lobsegment AXISATM.SYS_LOB0000019892C00003$$ by 128 in tablespace              CL_DATOS
Mon Sep  2 08:38:50 -05 2024 - cURL error response: 
Mon Sep  2 08:38:51 -05 2024 - Error sending message to Telegram: Oracle error detected: ORA-1691: unable to extend lobsegment AXISATM.SYS_LOB0000019892C00003$$ by 8192 in tablespace              CL_DATOS
Mon Sep  2 08:38:51 -05 2024 - cURL error response: 
Mon Sep  2 08:38:52 -05 2024 - Error sending message to Telegram: Oracle error detected: ORA-1691: unable to extend lobsegment AXISATM.SYS_LOB0000019892C00003$$ by 128 in tablespace              CL_DATOS
Mon Sep  2 08:38:52 -05 2024 - cURL error response: 
Mon Sep  2 08:38:52 -05 2024 - Error sending message to Telegram: Oracle error detected: ORA-1691: unable to extend lobsegment AXISATM.SYS_LOB0000019892C00003$$ by 8192 in tablespace              CL_DATOS
Mon Sep  2 08:38:52 -05 2024 - cURL error response: 
Mon Sep  2 08:38:58 -05 2024 - Error sending message to Telegram: Oracle error detected: ORA-1691: unable to extend lobsegment AXISATM.SYS_LOB0000019892C00003$$ by 128 in tablespace              CL_DATOS
Mon Sep  2 08:38:58 -05 2024 - cURL error response: 
Mon Sep  2 08:38:58 -05 2024 - Error sending message to Telegram: Oracle error detected: ORA-1691: unable to extend lobsegment AXISATM.SYS_LOB0000019892C00003$$ by 8192 in tablespace              CL_DATOS
Mon Sep  2 08:38:58 -05 2024 - cURL error response: 
Mon Sep  2 08:38:59 -05 2024 - Error sending message to Telegram: Oracle error detected: ORA-1691: unable to extend lobsegment AXISATM.SYS_LOB0000019892C00003$$ by 128 in tablespace              CL_DATOS
Mon Sep  2 08:38:59 -05 2024 - cURL error response: 
Mon Sep  2 08:38:59 -05 2024 - Error sending message to Telegram: Oracle error detected: ORA-1691: unable to extend lobsegment AXISATM.SYS_LOB0000019892C00003$$ by 8192 in tablespace              CL_DATOS
Mon Sep  2 08:38:59 -05 2024 - cURL error response: 
Mon Sep  2 08:39:06 -05 2024 - Error sending message to Telegram: Oracle error detected: ORA-1691: unable to extend lobsegment AXISATM.SYS_LOB0000019892C00003$$ by 128 in tablespace              CL_DATOS
Mon Sep  2 08:39:06 -05 2024 - cURL error response: 
Mon Sep  2 08:39:06 -05 2024 - Error sending message to Telegram: Oracle error detected: ORA-1691: unable to extend lobsegment AXISATM.SYS_LOB0000019892C00003$$ by 8192 in tablespace              CL_DATOS
Mon Sep  2 08:39:06 -05 2024 - cURL error response: 
Mon Sep  2 08:39:07 -05 2024 - Error sending message to Telegram: Oracle error detected: ORA-1691: unable to extend lobsegment AXISATM.SYS_LOB0000019892C00003$$ by 128 in tablespace              CL_DATOS
Mon Sep  2 08:39:07 -05 2024 - cURL error response: 
Mon Sep  2 08:39:07 -05 2024 - Error sending message to Telegram: Oracle error detected: ORA-1691: unable to extend lobsegment AXISATM.SYS_LOB0000019892C00003$$ by 8192 in tablespace              CL_DATOS
Mon Sep  2 08:39:07 -05 2024 - cURL error response: 
Mon Sep  2 08:39:15 -05 2024 - Error sending message to Telegram: Oracle error detected: ORA-1691: unable to extend lobsegment AXISATM.SYS_LOB0000019892C00003$$ by 128 in tablespace              CL_DATOS
Mon Sep  2 08:39:15 -05 2024 - cURL error response: 
Mon Sep  2 08:39:16 -05 2024 - Error sending message to Telegram: Oracle error detected: ORA-1691: unable to extend lobsegment AXISATM.SYS_LOB0000019892C00003$$ by 8192 in tablespace              CL_DATOS
Mon Sep  2 08:39:16 -05 2024 - cURL error response: 
Mon Sep  2 08:39:16 -05 2024 - Error sending message to Telegram: Oracle error detected: ORA-1691: unable to extend lobsegment AXISATM.SYS_LOB0000019892C00003$$ by 128 in tablespace              CL_DATOS
Mon Sep  2 08:39:16 -05 2024 - cURL error response: 
Mon Sep  2 08:39:17 -05 2024 - Error sending message to Telegram: Oracle error detected: ORA-1691: unable to extend lobsegment AXISATM.SYS_LOB0000019892C00003$$ by 8192 in tablespace              CL_DATOS
Mon Sep  2 08:39:17 -05 2024 - cURL error response: 
Mon Sep  2 08:40:25 -05 2024 - Error sending message to Telegram: Oracle error detected: ORA-1691: unable to extend lobsegment AXISATM.SYS_LOB0000019892C00003$$ by 128 in tablespace              CL_DATOS
Mon Sep  2 08:40:25 -05 2024 - cURL error response: 
Mon Sep  2 08:40:26 -05 2024 - Error sending message to Telegram: Oracle error detected: ORA-1691: unable to extend lobsegment AXISATM.SYS_LOB0000019892C00003$$ by 8192 in tablespace              CL_DATOS
Mon Sep  2 08:40:26 -05 2024 - cURL error response: 
Mon Sep  2 08:40:26 -05 2024 - Error sending message to Telegram: Oracle error detected: ORA-1691: unable to extend lobsegment AXISATM.SYS_LOB0000019892C00003$$ by 128 in tablespace              CL_DATOS
Mon Sep  2 08:40:26 -05 2024 - cURL error response: 
Mon Sep  2 08:40:27 -05 2024 - Error sending message to Telegram: Oracle error detected: ORA-1691: unable to extend lobsegment AXISATM.SYS_LOB0000019892C00003$$ by 8192 in tablespace              CL_DATOS
Mon Sep  2 08:40:27 -05 2024 - cURL error response: 
Mon Sep  2 08:40:58 -05 2024 - Error sending message to Telegram: Oracle error detected: ORA-1691: unable to extend lobsegment AXISATM.SYS_LOB0000019892C00003$$ by 128 in tablespace              CL_DATOS
Mon Sep  2 08:40:58 -05 2024 - cURL error response: 
Mon Sep  2 08:40:58 -05 2024 - Error sending message to Telegram: Oracle error detected: ORA-1691: unable to extend lobsegment AXISATM.SYS_LOB0000019892C00003$$ by 8192 in tablespace              CL_DATOS
Mon Sep  2 08:40:58 -05 2024 - cURL error response: 
Mon Sep  2 08:40:59 -05 2024 - Error sending message to Telegram: Oracle error detected: ORA-1691: unable to extend lobsegment AXISATM.SYS_LOB0000019892C00003$$ by 128 in tablespace              CL_DATOS
Mon Sep  2 08:40:59 -05 2024 - cURL error response: 
Mon Sep  2 08:40:59 -05 2024 - Error sending message to Telegram: Oracle error detected: ORA-1691: unable to extend lobsegment AXISATM.SYS_LOB0000019892C00003$$ by 8192 in tablespace              CL_DATOS
Mon Sep  2 08:40:59 -05 2024 - cURL error response: 
Mon Sep  2 08:41:37 -05 2024 - Error sending message to Telegram: Oracle error detected: ORA-1691: unable to extend lobsegment AXISATM.SYS_LOB0000019892C00003$$ by 128 in tablespace              CL_DATOS
Mon Sep  2 08:41:37 -05 2024 - cURL error response: 
Mon Sep  2 08:41:38 -05 2024 - Error sending message to Telegram: Oracle error detected: ORA-1691: unable to extend lobsegment AXISATM.SYS_LOB0000019892C00003$$ by 8192 in tablespace              CL_DATOS
Mon Sep  2 08:41:38 -05 2024 - cURL error response: 
Mon Sep  2 08:41:38 -05 2024 - Error sending message to Telegram: Oracle error detected: ORA-1691: unable to extend lobsegment AXISATM.SYS_LOB0000019892C00003$$ by 128 in tablespace              CL_DATOS
Mon Sep  2 08:41:38 -05 2024 - cURL error response: 
Mon Sep  2 08:41:39 -05 2024 - Error sending message to Telegram: Oracle error detected: ORA-1691: unable to extend lobsegment AXISATM.SYS_LOB0000019892C00003$$ by 8192 in tablespace              CL_DATOS
Mon Sep  2 08:41:39 -05 2024 - cURL error response: 
Mon Sep  2 08:43:18 -05 2024 - Error sending message to Telegram: Oracle error detected: ORA-1691: unable to extend lobsegment AXISATM.SYS_LOB0000019892C00003$$ by 128 in tablespace              CL_DATOS
Mon Sep  2 08:43:18 -05 2024 - cURL error response: 
Mon Sep  2 08:43:18 -05 2024 - Error sending message to Telegram: Oracle error detected: ORA-1691: unable to extend lobsegment AXISATM.SYS_LOB0000019892C00003$$ by 8192 in tablespace              CL_DATOS
Mon Sep  2 08:43:18 -05 2024 - cURL error response: 
Mon Sep  2 08:43:19 -05 2024 - Error sending message to Telegram: Oracle error detected: ORA-1691: unable to extend lobsegment AXISATM.SYS_LOB0000019892C00003$$ by 128 in tablespace              CL_DATOS
Mon Sep  2 08:43:19 -05 2024 - cURL error response: 
Mon Sep  2 08:43:19 -05 2024 - Error sending message to Telegram: Oracle error detected: ORA-1691: unable to extend lobsegment AXISATM.SYS_LOB0000019892C00003$$ by 8192 in tablespace              CL_DATOS
Mon Sep  2 08:43:19 -05 2024 - cURL error response: 
Mon Sep  2 08:43:50 -05 2024 - Error sending message to Telegram: Oracle error detected: ORA-1691: unable to extend lobsegment AXISATM.SYS_LOB0000019892C00003$$ by 128 in tablespace              CL_DATOS
Mon Sep  2 08:43:50 -05 2024 - cURL error response: 
Mon Sep  2 08:43:50 -05 2024 - Error sending message to Telegram: Oracle error detected: ORA-1691: unable to extend lobsegment AXISATM.SYS_LOB0000019892C00003$$ by 8192 in tablespace              CL_DATOS
Mon Sep  2 08:43:50 -05 2024 - cURL error response: 
Mon Sep  2 08:43:51 -05 2024 - Error sending message to Telegram: Oracle error detected: ORA-1691: unable to extend lobsegment AXISATM.SYS_LOB0000019892C00003$$ by 128 in tablespace              CL_DATOS
Mon Sep  2 08:43:51 -05 2024 - cURL error response: 
Mon Sep  2 08:43:51 -05 2024 - Error sending message to Telegram: Oracle error detected: ORA-1691: unable to extend lobsegment AXISATM.SYS_LOB0000019892C00003$$ by 8192 in tablespace              CL_DATOS
Mon Sep  2 08:43:51 -05 2024 - cURL error response: 
Mon Sep  2 08:44:15 -05 2024 - Error sending message to Telegram: Oracle error detected: ORA-1691: unable to extend lobsegment AXISATM.SYS_LOB0000019892C00003$$ by 128 in tablespace              CL_DATOS
Mon Sep  2 08:44:15 -05 2024 - cURL error response: 
Mon Sep  2 08:44:16 -05 2024 - Error sending message to Telegram: Oracle error detected: ORA-1691: unable to extend lobsegment AXISATM.SYS_LOB0000019892C00003$$ by 8192 in tablespace              CL_DATOS
Mon Sep  2 08:44:16 -05 2024 - cURL error response: 
Mon Sep  2 08:44:16 -05 2024 - Error sending message to Telegram: Oracle error detected: ORA-1691: unable to extend lobsegment AXISATM.SYS_LOB0000019892C00003$$ by 128 in tablespace              CL_DATOS
Mon Sep  2 08:44:16 -05 2024 - cURL error response: 
Mon Sep  2 08:44:17 -05 2024 - Error sending message to Telegram: Oracle error detected: ORA-1691: unable to extend lobsegment AXISATM.SYS_LOB0000019892C00003$$ by 8192 in tablespace              CL_DATOS
Mon Sep  2 08:44:17 -05 2024 - cURL error response: 
Mon Sep  2 08:44:44 -05 2024 - Error sending message to Telegram: Oracle error detected: ORA-1691: unable to extend lobsegment AXISATM.SYS_LOB0000019892C00003$$ by 128 in tablespace              CL_DATOS
Mon Sep  2 08:44:44 -05 2024 - cURL error response: 
Mon Sep  2 08:44:45 -05 2024 - Error sending message to Telegram: Oracle error detected: ORA-1691: unable to extend lobsegment AXISATM.SYS_LOB0000019892C00003$$ by 8192 in tablespace              CL_DATOS
Mon Sep  2 08:44:45 -05 2024 - cURL error response: 
Mon Sep  2 08:44:46 -05 2024 - Error sending message to Telegram: Oracle error detected: ORA-1691: unable to extend lobsegment AXISATM.SYS_LOB0000019892C00003$$ by 128 in tablespace              CL_DATOS
Mon Sep  2 08:44:46 -05 2024 - cURL error response: 
Mon Sep  2 08:44:46 -05 2024 - Error sending message to Telegram: Oracle error detected: ORA-1691: unable to extend lobsegment AXISATM.SYS_LOB0000019892C00003$$ by 8192 in tablespace              CL_DATOS
Mon Sep  2 08:44:46 -05 2024 - cURL error response: 
Mon Sep  2 08:45:42 -05 2024 - Error sending message to Telegram: Oracle error detected: ORA-1691: unable to extend lobsegment AXISATM.SYS_LOB0000019892C00003$$ by 128 in tablespace              CL_DATOS
Mon Sep  2 08:45:42 -05 2024 - cURL error response: 
Mon Sep  2 08:45:43 -05 2024 - Error sending message to Telegram: Oracle error detected: ORA-1691: unable to extend lobsegment AXISATM.SYS_LOB0000019892C00003$$ by 8192 in tablespace              CL_DATOS
Mon Sep  2 08:45:43 -05 2024 - cURL error response: 
Mon Sep  2 08:45:43 -05 2024 - Error sending message to Telegram: Oracle error detected: ORA-1691: unable to extend lobsegment AXISATM.SYS_LOB0000019892C00003$$ by 128 in tablespace              CL_DATOS
Mon Sep  2 08:45:43 -05 2024 - cURL error response: 
Mon Sep  2 08:45:44 -05 2024 - Error sending message to Telegram: Oracle error detected: ORA-1691: unable to extend lobsegment AXISATM.SYS_LOB0000019892C00003$$ by 8192 in tablespace              CL_DATOS
Mon Sep  2 08:45:44 -05 2024 - cURL error response: 
Mon Sep  2 08:46:17 -05 2024 - Error sending message to Telegram: Oracle error detected: ORA-1691: unable to extend lobsegment AXISATM.SYS_LOB0000019892C00003$$ by 128 in tablespace              CL_DATOS
Mon Sep  2 08:46:17 -05 2024 - cURL error response: 
Mon Sep  2 08:46:19 -05 2024 - Error sending message to Telegram: Oracle error detected: ORA-1691: unable to extend lobsegment AXISATM.SYS_LOB0000019892C00003$$ by 8192 in tablespace              CL_DATOS
Mon Sep  2 08:46:19 -05 2024 - cURL error response: 
Mon Sep  2 08:46:20 -05 2024 - Error sending message to Telegram: Oracle error detected: ORA-1691: unable to extend lobsegment AXISATM.SYS_LOB0000019892C00003$$ by 128 in tablespace              CL_DATOS
Mon Sep  2 08:46:20 -05 2024 - cURL error response: 
Mon Sep  2 08:46:20 -05 2024 - Error sending message to Telegram: Oracle error detected: ORA-1691: unable to extend lobsegment AXISATM.SYS_LOB0000019892C00003$$ by 8192 in tablespace              CL_DATOS
Mon Sep  2 08:46:20 -05 2024 - cURL error response: 
Mon Sep  2 08:46:44 -05 2024 - Error sending message to Telegram: Oracle error detected: ORA-1691: unable to extend lobsegment AXISATM.SYS_LOB0000019892C00003$$ by 128 in tablespace              CL_DATOS
Mon Sep  2 08:46:44 -05 2024 - cURL error response: 
Mon Sep  2 08:46:45 -05 2024 - Error sending message to Telegram: Oracle error detected: ORA-1691: unable to extend lobsegment AXISATM.SYS_LOB0000019892C00003$$ by 8192 in tablespace              CL_DATOS
Mon Sep  2 08:46:45 -05 2024 - cURL error response: 
Mon Sep  2 08:46:45 -05 2024 - Error sending message to Telegram: Oracle error detected: ORA-1691: unable to extend lobsegment AXISATM.SYS_LOB0000019892C00003$$ by 128 in tablespace              CL_DATOS
Mon Sep  2 08:46:45 -05 2024 - cURL error response: 
Mon Sep  2 08:46:46 -05 2024 - Error sending message to Telegram: Oracle error detected: ORA-1691: unable to extend lobsegment AXISATM.SYS_LOB0000019892C00003$$ by 8192 in tablespace              CL_DATOS
Mon Sep  2 08:46:46 -05 2024 - cURL error response: 
Mon Sep  2 08:47:16 -05 2024 - Error sending message to Telegram: Oracle error detected: ORA-1691: unable to extend lobsegment AXISATM.SYS_LOB0000019892C00003$$ by 128 in tablespace              CL_DATOS
Mon Sep  2 08:47:16 -05 2024 - cURL error response: 
Mon Sep  2 08:47:17 -05 2024 - Error sending message to Telegram: Oracle error detected: ORA-1691: unable to extend lobsegment AXISATM.SYS_LOB0000019892C00003$$ by 8192 in tablespace              CL_DATOS
Mon Sep  2 08:47:17 -05 2024 - cURL error response: 
Mon Sep  2 08:47:17 -05 2024 - Error sending message to Telegram: Oracle error detected: ORA-1691: unable to extend lobsegment AXISATM.SYS_LOB0000019892C00003$$ by 128 in tablespace              CL_DATOS
Mon Sep  2 08:47:17 -05 2024 - cURL error response: 
Mon Sep  2 08:47:18 -05 2024 - Error sending message to Telegram: Oracle error detected: ORA-1691: unable to extend lobsegment AXISATM.SYS_LOB0000019892C00003$$ by 8192 in tablespace              CL_DATOS
Mon Sep  2 08:47:18 -05 2024 - cURL error response: 
Mon Sep  2 08:47:45 -05 2024 - Error sending message to Telegram: Oracle error detected: ORA-1691: unable to extend lobsegment AXISATM.SYS_LOB0000019892C00003$$ by 128 in tablespace              CL_DATOS
Mon Sep  2 08:47:45 -05 2024 - cURL error response: 
Mon Sep  2 08:47:46 -05 2024 - Error sending message to Telegram: Oracle error detected: ORA-1691: unable to extend lobsegment AXISATM.SYS_LOB0000019892C00003$$ by 8192 in tablespace              CL_DATOS
Mon Sep  2 08:47:46 -05 2024 - cURL error response: 
Mon Sep  2 08:47:47 -05 2024 - Error sending message to Telegram: Oracle error detected: ORA-1691: unable to extend lobsegment AXISATM.SYS_LOB0000019892C00003$$ by 128 in tablespace              CL_DATOS
Mon Sep  2 08:47:47 -05 2024 - cURL error response: 
Mon Sep  2 08:47:47 -05 2024 - Error sending message to Telegram: Oracle error detected: ORA-1691: unable to extend lobsegment AXISATM.SYS_LOB0000019892C00003$$ by 8192 in tablespace              CL_DATOS
Mon Sep  2 08:47:47 -05 2024 - cURL error response: 
Mon Sep  2 08:48:32 -05 2024 - Error sending message to Telegram: Oracle error detected: ORA-1691: unable to extend lobsegment AXISATM.SYS_LOB0000019892C00003$$ by 128 in tablespace              CL_DATOS
Mon Sep  2 08:48:32 -05 2024 - cURL error response: 
Mon Sep  2 08:48:33 -05 2024 - Error sending message to Telegram: Oracle error detected: ORA-1691: unable to extend lobsegment AXISATM.SYS_LOB0000019892C00003$$ by 8192 in tablespace              CL_DATOS
Mon Sep  2 08:48:33 -05 2024 - cURL error response: 
Mon Sep  2 08:48:33 -05 2024 - Error sending message to Telegram: Oracle error detected: ORA-1691: unable to extend lobsegment AXISATM.SYS_LOB0000019892C00003$$ by 128 in tablespace              CL_DATOS
Mon Sep  2 08:48:33 -05 2024 - cURL error response: 
Mon Sep  2 08:48:34 -05 2024 - Error sending message to Telegram: Oracle error detected: ORA-1691: unable to extend lobsegment AXISATM.SYS_LOB0000019892C00003$$ by 8192 in tablespace              CL_DATOS
Mon Sep  2 08:48:34 -05 2024 - cURL error response: 
Mon Sep  2 08:48:49 -05 2024 - Error sending message to Telegram: Oracle error detected: ORA-1691: unable to extend lobsegment AXISATM.SYS_LOB0000019892C00003$$ by 128 in tablespace              CL_DATOS
Mon Sep  2 08:48:49 -05 2024 - cURL error response: 
Mon Sep  2 08:48:49 -05 2024 - Error sending message to Telegram: Oracle error detected: ORA-1691: unable to extend lobsegment AXISATM.SYS_LOB0000019892C00003$$ by 8192 in tablespace              CL_DATOS
Mon Sep  2 08:48:49 -05 2024 - cURL error response: 
Mon Sep  2 08:48:50 -05 2024 - Error sending message to Telegram: Oracle error detected: ORA-1691: unable to extend lobsegment AXISATM.SYS_LOB0000019892C00003$$ by 128 in tablespace              CL_DATOS
Mon Sep  2 08:48:50 -05 2024 - cURL error response: 
Mon Sep  2 08:48:50 -05 2024 - Error sending message to Telegram: Oracle error detected: ORA-1691: unable to extend lobsegment AXISATM.SYS_LOB0000019892C00003$$ by 8192 in tablespace              CL_DATOS
Mon Sep  2 08:48:50 -05 2024 - cURL error response: 
Mon Sep  2 08:48:56 -05 2024 - Error sending message to Telegram: Oracle error detected: ORA-1691: unable to extend lobsegment AXISATM.SYS_LOB0000019892C00003$$ by 128 in tablespace              CL_DATOS
Mon Sep  2 08:48:56 -05 2024 - cURL error response: 
Mon Sep  2 08:48:57 -05 2024 - Error sending message to Telegram: Oracle error detected: ORA-1691: unable to extend lobsegment AXISATM.SYS_LOB0000019892C00003$$ by 8192 in tablespace              CL_DATOS
Mon Sep  2 08:48:57 -05 2024 - cURL error response: 
Mon Sep  2 08:48:57 -05 2024 - Error sending message to Telegram: Oracle error detected: ORA-1691: unable to extend lobsegment AXISATM.SYS_LOB0000019892C00003$$ by 128 in tablespace              CL_DATOS
Mon Sep  2 08:48:57 -05 2024 - cURL error response: 
Mon Sep  2 08:48:58 -05 2024 - Error sending message to Telegram: Oracle error detected: ORA-1691: unable to extend lobsegment AXISATM.SYS_LOB0000019892C00003$$ by 8192 in tablespace              CL_DATOS
Mon Sep  2 08:48:58 -05 2024 - cURL error response: 
Mon Sep  2 08:49:06 -05 2024 - Error sending message to Telegram: Oracle error detected: ORA-1691: unable to extend lobsegment AXISATM.SYS_LOB0000019892C00003$$ by 128 in tablespace              CL_DATOS
Mon Sep  2 08:49:06 -05 2024 - cURL error response: 
Mon Sep  2 08:49:06 -05 2024 - Error sending message to Telegram: Oracle error detected: ORA-1691: unable to extend lobsegment AXISATM.SYS_LOB0000019892C00003$$ by 8192 in tablespace              CL_DATOS
Mon Sep  2 08:49:06 -05 2024 - cURL error response: 
Mon Sep  2 08:49:07 -05 2024 - Error sending message to Telegram: Oracle error detected: ORA-1691: unable to extend lobsegment AXISATM.SYS_LOB0000019892C00003$$ by 128 in tablespace              CL_DATOS
Mon Sep  2 08:49:07 -05 2024 - cURL error response: 
Mon Sep  2 08:49:07 -05 2024 - Error sending message to Telegram: Oracle error detected: ORA-1691: unable to extend lobsegment AXISATM.SYS_LOB0000019892C00003$$ by 8192 in tablespace              CL_DATOS
Mon Sep  2 08:49:07 -05 2024 - cURL error response: 
Mon Sep  2 08:49:14 -05 2024 - Error sending message to Telegram: Oracle error detected: ORA-1691: unable to extend lobsegment AXISATM.SYS_LOB0000019892C00003$$ by 128 in tablespace              CL_DATOS
Mon Sep  2 08:49:14 -05 2024 - cURL error response: 
Mon Sep  2 08:49:15 -05 2024 - Error sending message to Telegram: Oracle error detected: ORA-1691: unable to extend lobsegment AXISATM.SYS_LOB0000019892C00003$$ by 8192 in tablespace              CL_DATOS
Mon Sep  2 08:49:15 -05 2024 - cURL error response: 
Mon Sep  2 08:49:15 -05 2024 - Error sending message to Telegram: Oracle error detected: ORA-1691: unable to extend lobsegment AXISATM.SYS_LOB0000019892C00003$$ by 128 in tablespace              CL_DATOS
Mon Sep  2 08:49:15 -05 2024 - cURL error response: 
Mon Sep  2 08:49:16 -05 2024 - Error sending message to Telegram: Oracle error detected: ORA-1691: unable to extend lobsegment AXISATM.SYS_LOB0000019892C00003$$ by 8192 in tablespace              CL_DATOS
Mon Sep  2 08:49:16 -05 2024 - cURL error response: 
Mon Sep  2 08:49:24 -05 2024 - Error sending message to Telegram: Oracle error detected: ORA-1691: unable to extend lobsegment AXISATM.SYS_LOB0000019892C00003$$ by 128 in tablespace              CL_DATOS
Mon Sep  2 08:49:24 -05 2024 - cURL error response: 
Mon Sep  2 08:49:25 -05 2024 - Error sending message to Telegram: Oracle error detected: ORA-1691: unable to extend lobsegment AXISATM.SYS_LOB0000019892C00003$$ by 8192 in tablespace              CL_DATOS
Mon Sep  2 08:49:25 -05 2024 - cURL error response: 
Mon Sep  2 08:49:26 -05 2024 - Error sending message to Telegram: Oracle error detected: ORA-1691: unable to extend lobsegment AXISATM.SYS_LOB0000019892C00003$$ by 128 in tablespace              CL_DATOS
Mon Sep  2 08:49:26 -05 2024 - cURL error response: 
Mon Sep  2 08:49:27 -05 2024 - Error sending message to Telegram: Oracle error detected: ORA-1691: unable to extend lobsegment AXISATM.SYS_LOB0000019892C00003$$ by 8192 in tablespace              CL_DATOS
Mon Sep  2 08:49:27 -05 2024 - cURL error response: 
Mon Sep  2 08:49:32 -05 2024 - Error sending message to Telegram: Oracle error detected: ORA-1691: unable to extend lobsegment AXISATM.SYS_LOB0000019892C00003$$ by 128 in tablespace              CL_DATOS
Mon Sep  2 08:49:32 -05 2024 - cURL error response: 
Mon Sep  2 08:49:33 -05 2024 - Error sending message to Telegram: Oracle error detected: ORA-1691: unable to extend lobsegment AXISATM.SYS_LOB0000019892C00003$$ by 8192 in tablespace              CL_DATOS
Mon Sep  2 08:49:33 -05 2024 - cURL error response: 
Mon Sep  2 08:49:33 -05 2024 - Error sending message to Telegram: Oracle error detected: ORA-1691: unable to extend lobsegment AXISATM.SYS_LOB0000019892C00003$$ by 128 in tablespace              CL_DATOS
Mon Sep  2 08:49:33 -05 2024 - cURL error response: 
Mon Sep  2 08:49:34 -05 2024 - Error sending message to Telegram: Oracle error detected: ORA-1691: unable to extend lobsegment AXISATM.SYS_LOB0000019892C00003$$ by 8192 in tablespace              CL_DATOS
Mon Sep  2 08:49:34 -05 2024 - cURL error response: 
Mon Sep  2 09:46:29 -05 2024 - Script interrupted.
